宁波,宁波市四季康来医药有限公司甬上民生金城店
宁波,宁波市四季康来医药有限公司甬上民生仁民店
宁波,宁波市四季康来医药有限公司甬上民生新大路店
宁波,宁波市四季康来医药有限公司甬上民生四季店
宁波,宁波市四季康来医药有限公司甬上民生东河路店
宁波,宁波市四季康来医药有限公司甬上民生上街店
宁波,宁波市四季康来医药有限公司甬上民生天兴嘉园店
宁波,宁波四季康来医药有限公司北仑银杏店
宁波,宁波市四季康来医药有限公司北仑大碶店
宁波,宁波市四季康来医药有限公司北仑凤洋店
宁波,宁波市四季康来医药有限公司北仑王隘店
宁波,宁波市四季康来医药有限公司北仑庐山店
宁波,宁波市四季康来医药有限公司北仑衙前店
宁波,宁波市四季康来医药有限公司保税区店
宁波,宁波市四季康来医药有限公司北仑沿海店
宁波,宁波市四季康来医药有限公司北仑柴桥店
宁波,宁波海王星辰健康药房有限公司新大店
宁波,宁波海王星辰健康药房有限公司柴桥店
宁波,宁波海王星辰健康药房有限公司黄山豪庭店
宁波,宁波四明大药房有限责任公司新大连锁店
宁波,宁波四明大药房有限责任公司大碶连锁店
宁波,宁波四明大药房有限责任公司北仑药城分公司
宁波,宁波四明大药房有限责任公司新碶连锁店
宁波,浙江友禾大药房有限公司霞浦分店
宁波,浙江友禾大药房有限公司新大路分店
宁波,浙江友禾大药房有限公司小港分店
宁波,浙江友禾大药房有限公司格林分店
宁波,浙江友禾大药房有限公司第三十二分店
宁波,浙江友禾大药房有限公司恒山店
宁波,浙江友禾大药房有限公司泰东河路店
宁波,浙江友禾大药房有限公司东河店
宁波,浙江友禾大药房有限公司第三十一分店
宁波,浙江友禾大药房有限公司第三十分店
宁波,浙江友禾大药房有限公司坝头路分店
宁波,浙江友禾大药房有限公司江南路店
宁波,浙江友禾大药房有限公司宁波北仑横河路店
宁波,浙江友禾大药房有限公司北仑春晓分店
宁波,浙江友禾大药房有限公司柴桥分店
宁波,浙江友禾大药房有限公司新恒店
宁波,浙江友禾大药房有限公司红联店
宁波,浙江友禾大药房有限公司第二十八分店
宁波,上海益丰大药房连锁有限公司宁波新大路店
宁波,上海益丰大药房连锁有限公司宁波嵩山路店
宁波,宁波北仑九峰山大药房药品有限责任公司
宁波,宁波北仑九峰山大药房药品有限责任公司陈华放心人药房
宁波,宁波市北仑区梅山梅西九峰山大药房
宁波,宁波市北仑区春晓九峰山大药房
宁波,宁波市北仑区大碶清水九峰山大药房
宁波,宁波市北仑区大碶清水九峰山大药房陈华店
宁波,宁波市北仑区大碶邬隘桥头九峰山大药房
宁波,宁波市北仑区大碶西河塘九峰山大药房
宁波,宁波市北仑区大碶倪家弄九峰山大药房
宁波,宁波市北仑区滨海九峰山大药房
宁波,宁波市北仑区新碶君康大药房
宁波,宁波市北仑区新碶君康大药房东河店
宁波,宁波市北仑区新碶君康大药房小港分店
宁波,宁波市北仑区新碶君康大药房明州路店
宁波,宁波市北仑区新碶君康大药房芙蓉家园店
宁波,宁波市北仑区新碶君康大药房九峰店
宁波,宁波市北仑区新碶君康大药房霞浦店
宁波,宁波市北仑区新碶君康大药房沿海店
宁波,宁波市北仑区小港甬君大药房
宁波,宁波华夏康泰药品零售有限公司
宁波,宁波华夏康泰药品零售有限公司北仑横河路店
宁波,宁波市北仑区康泽药业有限公司
宁波,宁波市北仑区康泽药业有限公司文化宫店
宁波,宁波市北仑区康泽药业有限公司高凤路分公司
宁波,宁波市北仑区康泽药业有限公司新华园店
宁波,宁波市北仑区康泽药业有限公司坝头路店
宁波,宁波市北仑区残联荣仁堂大药房（普通合伙）
宁波,宁波市鄞州一源药房（普通合伙）戚家山店
宁波,宁波市北仑区大碶泉康大药房（普通合伙）
宁波,宁波市北仑区丰乐大药房有限公司
宁波,宁波市北仑区万泽大药房
宁波,宁波市北仑区程功百姓药品零售有限公司竺山大药房
宁波,宁波市北仑区程功百姓药品零售有限公司红联大药房
宁波,宁波市北仑区程功百姓药品零售有限公司
宁波,宁波市北仑区程功百姓药品零售有限公司山下大药房
宁波,宁波市北仑区程功百姓药品零售有限公司衙前大药房
宁波,宁波市北仑区新碶康诚大药房
宁波,宁波市北仑区新碶康诚大药房人民路分店
宁波,宁波市北仑区新矸东和大药房
宁波,宁波市北仑新城大药房柴桥分店
宁波,宁波市北仑新城大药房
宁波,宁波市鄞州家家乐药房邬隘分店
宁波,宁波市鄞州家家乐药房岷山路店
宁波,宁波市鄞州家家乐药房坝头路分店
宁波,宁波市鄞州家家乐药房大树分店
宁波,宁波市鄞州家家乐药房新大路分店
宁波,宁波市北仑区小港万德大药房（普通合伙）
宁波,宁波市北仑区小港万德大药房（普通合伙）丹桂店
宁波,宁波市北仑区小港万德大药房（普通合伙）格圆店
宁波,宁波市北仑区小港万德大药房（普通合伙）妙林店
宁波,宁波市北仑区柴桥同安大药房（普通合伙）
宁波,宁波市北仑区万兴堂大药房（普通合伙）
宁波,宁波市北仑区大碶平易中西药大药房（普通合伙）
宁波,宁波市北仑区万兴大药房有限公司
宁波,宁波市北仑区大碶天和大药房
宁波,宁波市北仑区大碶天和大药房烟墩店
宁波,宁波市北仑区大碶甬和大药房
宁波,宁波市北仑区友谊大药房有限公司
宁波,宁波市北仑区友谊大药房有限公司鸿翔锦苑分店
宁波,宁波市北仑区友谊大药房有限公司新向公寓分店
宁波,宁波市北仑区新碶甬康药店
宁波,宁波市北仑区金桥大药房零售有限公司
宁波,宁波市北仑区金桥大药房零售有限公司新模店
宁波,宁波老百姓大药房有限公司
宁波,宁波老百姓大药房有限公司大碶店
宁波,宁波老百姓大药房有限公司嵩山店
宁波,宁波老百姓大药房有限公司白峰店
宁波,宁波老百姓大药房有限公司永诚店
宁波,宁波市北仑区黄金海岸怡康大药房
宁波,宁波市北仑区大碶石湫药店明州分店
宁波,宁波市北仑区大碶石湫药店
宁波,宁波市北仑区大碶石湫药店山前分店
宁波,宁波市北仑区大碶石湫药店湖塘分店
宁波,宁波北仑平安百姓大药房有限公司
宁波,宁波北仑平安百姓大药房有限公司新向分店
宁波,宁波北仑平安百姓大药房有限公司国贸分店
宁波,宁波北仑平安百姓大药房有限公司灵峰分店
宁波,宁波北仑家家好药品零售有限公司
宁波,宁波北仑家家好药品零售有限公司黄山豪庭分店
宁波,宁波市北仑区新碶华馨家家好大药房
宁波,宁波经济技术开发区明和大药房
宁波,宁波经济技术开发区明和大药房山下分店
宁波,宁波市北仑区小港万民大药房
宁波,宁波市北仑区小港万民大药房高塘分店
宁波,宁波经济技术开发区广福大药房有限公司
宁波,宁波经济技术开发区广福大药房有限公司明州路店
宁波,宁波市北仑区新碶隆康大药房同树路店
宁波,宁波市北仑区新碶隆康大药房
宁波,宁波市北仑区霞浦顺丰大药房柴桥薪桥分店
宁波,宁波市北仑区霞浦顺丰大药房
宁波,宁波市北仑区新碶康泰药店
宁波,宁波市北仑区新碶康泰药店嵩山分店
宁波,宁海佰药之家大药房北仑霞浦分店
宁波,宁海佰药之家大药房北仑新碶分店
宁波,宁波市北仑区大碶养怡堂大药房
宁波,宁波市北仑区大碶养怡堂大药房学苑店
宁波,宁波北仑霞浦为民大药房有限公司九凤分公司
宁波,宁波北仑霞浦为民大药房有限公司
宁波,宁波市北仑区新碶友峰大药房有限公司
宁波,宁波市北仑区新碶友峰大药房有限公司沿海店
宁波,宁波市北仑区新碶友康大药房
宁波,宁波市北仑区新碶友康大药房永丰店
宁波,宁波市北仑区新碶友康大药房陈华浦店
宁波,宁波市北仑区新碶友康大药房荣安店
宁波,宁波市北仑区大矸康健民药店戚家山分店
宁波,宁波市北仑区大矸康健民药店
宁波,宁波市北仑区新碶凤洋药店（普通合伙）
宁波,宁波市北仑新碶百润堂大药房
宁波,宁波市北仑区三味大药房（普通合伙）
宁波,宁波市北仑区小港天盛大药房
宁波,宁波市北仑区小港华美药房（普通合伙）
宁波,宁波市北仑区小港健兴药店
宁波,宁波市北仑区小港绿和大药房
宁波,宁波市北仑区小港康仁大药房
宁波,宁波市北仑区药源大药房有限公司
宁波,宁波市北仑区清风中西大药房有限公司
宁波,宁波市北仑区大矸惠康大药房
宁波,宁波市北仑区大碶惠仁药店
宁波,宁波市北仑区白峰东城大药房
宁波,宁波市北仑区寿源康大药房有限公司
宁波,宁波市北仑区益宁大药房有限公司
宁波,宁波市北仑区安康无忧药品零售有限公司
宁波,宁波市北仑区新碶兴康药房
宁波,宁波市北仑区大矸塘湾药店
宁波,宁波北仑汝宁大药房
宁波,宁波市北仑区白峰老百姓大药房
宁波,宁波市镇海益参堂大药房北仑区小港分店
宁波,宁波市北仑区柴桥全吉药店
宁波,宁波市北仑区新碶永熙堂大药房
宁波,宁波市经济技术开发区正盛药品零售有限公司
宁波,宁波市北仑区小港立好医药零售有限公司
宁波,宁波市北仑区新碶美康大药房（普通合伙）
宁波,宁波市北仑区保昌大药房有限公司
宁波,宁波市北仑区大碶慧安大药房
宁波,宁波经济技术开发区康满多药房
宁波,宁波北仑心居大药房有限公司
宁波,宁波市北仑区春晓洋沙山药房
宁波,宁波市北仑渡康人生大药房有限公司
宁波,宁波市北仑区大碶锦琦大药房（普通合伙）
宁波,宁波市北仑幸福一家人大药房有限公司
宁波,宁波市北仑区霞浦杏林大药房
宁波,宁波市北仑区小港宏斌药店（普通合伙）
宁波,宁波市北仑区新碶华欣大药房
宁波,宁波市北仑区新碶民健大药房
宁波,宁波市北仑区福安堂大药房
宁波,宁波市北仑区大碶伊家康大药房
宁波,宁波市北仑区小港仁福堂大药房
宁波,宁波市北仑区柴桥天一堂大药房
宁波,宁波市北仑区柴桥阳光药店
宁波,宁波市镇海君诚大药房小港药房
宁波,宁波市北仑区霞浦宁泰大药房
宁波,宁波北仑惠泽大药房有限公司
宁波,宁波市北仑区大碶福民大药房
宁波,宁波市北仑区大碶可依药房
宁波,宁波市北仑区金玉堂大药房有限公司
宁波,宁波市北仑区小港雨虹大药房
宁波,宁波市北仑区福悦堂药房有限公司
宁波,宁波市北仑区医心康大药房有限公司
宁波,宁波市北仑区大碶贤才大药房
宁波,宁波市北仑区春晓百杏大药房
宁波,宁波市北仑区大碶人人好大药房
宁波,宁波市北仑区春晓盛誉医药有限公司
宁波,宁波市北仑区大碶宝康大药房
宁波,宁波市北仑区新碶高塘开心大药房（普通合伙）
宁波,宁波市北仑区新碶世纪家园药房
宁波,宁波市北仑区小港天诚大药房
宁波,宁波市北仑区新碶和华堂医药有限公司
宁波,宁波北仑悬济大药房有限公司
宁波,宁波市北仑区甬兴大药房有限公司
宁波,宁波市北仑区春晓三山大药房
宁波,宁波市北仑区柴桥一心堂大药房
宁波,宁波市北仑泰山堂医药零售有限公司
宁波,宁波市北仑区大碶慈济大药房
宁波,宁波市北仑区新碶仁和大药房
宁波,宁波市北仑区新碶美天药房
宁波,宁波市北仑区新碶友友大药房
宁波,宁波市北仑区恒大药房
宁波,宁波市镇海胜利药店北仑区快乐药房
宁波,宁波市北仑康和大药房
宁波,宁波市北仑区小港华仁大药房
宁波,宁波市北仑区新碶宇浩大药房
宁波,宁波市北仑区新碶港城大药房
宁波,宁波市北仑区新碶华康药房
宁波,宁波市北仑区新碶医药零售有限公司
宁波,宁波市北仑区小港怡悦大药房
宁波,宁波市北仑区小港清尹药店
宁波,宁波市北仑区柴桥养正堂药店万景山分店
宁波,宁波市北仑区小港民众药店（普通合伙）
宁波,宁波市北仑区霞浦百草药店（普通合伙）
宁波,宁波市北仑区大碶惠鑫大药房
宁波,宁波市北仑区小港寿仙堂大药房
宁波,宁波市北仑区子悦医药零售有限公司
宁波,宁波市北仑甬心堂大药房有限公司
宁波,宁波市北仑区白峰东部大药房
宁波,宁波市北仑区甬新大药房有限公司
宁波,宁波市北仑区万兴大药房有限公司湖塘店
宁波,宁波市北仑区万心大药房有限公司
宁波,宁波市北仑区百灵大药房有限公司
宁波,宁波市北仑区慷择德良剂大药房有限公司
宁波,宁波市北仑区新碶康诚大药房宝山路分店
宁波,宁波市北仑区新碶益兴大药房
宁波,宁波北仑家家好药品零售有限公司云台山路分店
宁波,宁波市北仑区仁安大药房有限公司
宁波,宁波市北仑区惠誉大药房有限公司
宁波,浙江友禾大药房有限公司北仑春晓二店
宁波,宁波市北仑区大碶慧安大药房清水分店
宁波,宁波北仑海润大药房有限公司
宁波,宁波市北仑区新碶康泰药店恒山分店
宁波,宁波市北仑区春晓洋沙山药房明月路店
宁波,宁波市北仑区宏泰大药房
宁波,宁波市北仑新城大药房心诚分店
宁波,宁波市北仑区大碶永春堂大药房
宁波,宁波市北仑区益康大药房
宁波,宁波彩虹大药房有限公司北仑柴桥连锁店
宁波,宁波市北仑区柴桥精诚大药房
宁波,宁波高新区好人家大药房
宁波,宁波彩虹大药房有限公司玉兰路连锁店
宁波,宁波彩虹大药房有限公司公园里连锁店
宁波,宁波市鄞州恒吉医药有限公司梅墟分公司
宁波,宁波甬药江南大药房有限公司高新区河清北路连锁店
宁波,宁波彩虹大药房有限公司梅江东苑连锁店
宁波,宁波彩虹大药房有限公司梅江南苑连锁店
宁波,宁波彩虹大药房有限公司梅龙新村连锁店
宁波,宁波利东大药房有限公司
宁波,宁波红景天健康药房有限公司
宁波,宁波陈济东部惠民大药房有限公司
宁波,宁波高新区东部益信药房有限公司
宁波,宁波新材料科技城天天阳光大药房
宁波,宁波四明大药房有限责任公司孔浦连锁店
宁波,宁波四明大药房有限责任公司新亚连锁店
宁波,宁波四明大药房有限责任公司慈城连锁店
宁波,宁波四明大药房有限责任公司庄桥连锁店
宁波,宁波四明大药房有限责任公司西草马路连锁店
宁波,宁波四明大药房有限责任公司洪塘连锁店
宁波,宁波江北国泰中西大药房（普通合伙）
宁波,宁波江北仁爱堂大药房
宁波,宁波江北欣乐大药房
宁波,宁波市镇海天天好大药房江北华业店
宁波,宁波江北德信堂大药房有限公司
宁波,宁波江北世纪宏源药房
宁波,宁波彩虹大药房有限公司应嘉丽园连锁店
宁波,宁波市江北万和大药房有限公司
宁波,宁波市江北文教康诺药房
宁波,宁波江北甬九大药房有限公司
宁波,宁波江北现代健康大药房
宁波,宁波江北天乙大药房
宁波,宁波市江北区汇康大药房
宁波,宁波市江北区汇康大药房日湖店
宁波,宁波市江北区中正大药店
宁波,宁波市江北四季海和大药房有限公司
宁波,宁波市海和药房有限公司
宁波,宁波市江北正大方圆大药房
宁波,宁波市江北养颐堂老百姓大药房
宁波,宁波海王星辰健康药房有限公司广厦怡庭店
宁波,宁波海王星辰健康药房有限公司庄桥店
宁波,宁波海王星辰健康药房有限公司北岸琴森店
宁波,宁波海王星辰健康药房有限公司江北长阳店
宁波,宁波海王星辰健康药房有限公司亲亲家园店
宁波,宁波市江北区益沐堂医药零售有限公司洪塘店
宁波,宁波市江北区益沐堂医药零售有限公司
宁波,宁波市江北君悦药品零售有限公司
宁波,宁波益保大药房有限公司
宁波,宁波美德信药房有限公司慈城弘仁堂
宁波,宁波美德信药房有限公司榭嘉店
宁波,宁波美德信药房有限公司天合店
宁波,宁波美德信药房有限公司庄桥店
宁波,宁波美德信药房有限公司慈城店
宁波,宁波久苑大药房有限公司
宁波,宁波市江北洪塘健民药店
宁波,宁波市江北鸿堂大药房
宁波,宁波江北启星健康大药房有限公司
宁波,宁波市宁医永丰大药房有限公司
宁波,宁波市江北区康百信大药房
宁波,宁波市江北仁远百姓大药房
宁波,宁波市江北凯越大药房
宁波,宁波市江北区永丰益民大药房有限公司
宁波,宁波市镇海甬康百姓好大药房江北夏家店
宁波,宁波市鄞州美佳大药房江北店
宁波,宁波市鄞州美佳大药房江北正大店
宁波,宁波彩虹大药房有限公司榭嘉连锁店
宁波,宁波彩虹大药房有限公司新马连锁店
宁波,宁波彩虹大药房有限公司双东坊连锁店
宁波,宁波彩虹大药房有限公司长兴路连锁店
宁波,宁波彩虹大药房有限公司北岸琴森连锁店
宁波,宁波彩虹大药房有限公司祥北路连锁店
宁波,宁波江北百姓人家大药房
宁波,宁波市江北明州康泰大药房有限公司
宁波,宁波华医堂大药房有限公司江北慈城店
宁波,宁波市江北香山堂百姓健康大药房有限公司
宁波,宁波市镇海区宝馨堂药店江北压赛店
宁波,宁波江北现代百姓大药房
宁波,宁波市镇海甬康百姓好大药房江北分店
宁波,宁波市江北区下沈大药房
宁波,宁波市江北庆春堂医药零售有限公司宁大分公司
宁波,宁波市江北庆春堂医药零售有限公司
宁波,宁波市四季康来医药有限公司江北甬江店
宁波,宁波市四季康来医药有限公司江北畈里塘店
宁波,宁波市鄞州横溪会佳大药房江北广厦店
宁波,宁波市江北湾头百姓药店
宁波,宁波市江北明证大药房
宁波,宁波市江北区庄桥德胜堂中西药零售有限公司
宁波,宁波市江北健一康大药房有限公司
宁波,宁波市江北同春堂药品零售有限公司
宁波,宁波市江北区君福堂大药房有限公司
宁波,宁波市江北福满堂大药房
宁波,宁波市江北慈城健康大药房
宁波,宁波市江北区皖颍丽庄大药房
宁波,宁波江北甬江聚仁堂大药房（普通合伙）
宁波,宁波四明大药房有限责任公司回春堂连锁店
宁波,宁波四明大药房有限责任公司华业街连锁店
宁波,宁波市鄞州美佳大药房江北甬江店
宁波,宁波海王星辰健康药房有限公司洪塘店
宁波,宁波海王星辰健康药房有限公司繁景店
宁波,宁波海王星辰健康药房有限公司育才北院店
宁波,宁波市正源大药房有限公司江北连锁店
宁波,宁波市江北区维多康大药房
宁波,宁波市江北区君福堂大药房有限公司江北分店
宁波,宁波市镇海区宝馨堂药店江北分店
宁波,宁波市江北安信大药房
宁波,宁波市江北区珍心大药房有限公司
宁波,宁波江北甬江聚仁堂大药房（普通合伙）天沁分店
宁波,宁波高新区信仁堂医药有限公司江北分公司
宁波,宁波市江北联众安康药品零售有限公司
宁波,宁波市江北健一康大药房有限公司香树湾分店
宁波,宁波市江北平民百姓大药房有限公司
宁波,宁波江北左海大药房
宁波,老百姓大药房连锁（浙江）有限公司宁波庄桥店
宁波,宁波市正源大药房有限公司夏家连锁店
宁波,宁波江北协寿祥医药有限公司
宁波,宁波江北乐助药房
宁波,宁波海王星辰健康药房有限公司永红家园店
宁波,宁波市江北百姓诚普医药零售有限公司
宁波,宁波市鄞州家家乐药房庄桥分店
宁波,宁波四明大药房有限责任公司育才连锁店
宁波,老百姓大药房连锁（浙江）有限公司宁波宝庆路店
宁波,宁波市江北区费市大药房
宁波,宁波江北鸿泽堂大药房有限公司
宁波,宁波市江北海康海辰大药房有限公司
宁波,宁波彩虹大药房有限公司江北万达连锁店
宁波,宁波市江北杨娟药店
宁波,宁波市海曙寿鑫大药房有限公司慈城分公司
宁波,宁波海王星辰健康药房有限公司天合店
宁波,宁波市镇海新兴海辰大药房有限公司江北分公司
宁波,宁波江北百家康鑫大药房有限公司
宁波,宁波市江北平民百姓大药房有限公司慈城分店
宁波,宁波江北现代百姓大药房天沁分店
宁波,宁波市江北康来乐大药房
宁波,宁波江北乐助药房洋墅名苑店
宁波,宁波江北回春仁堂大药房有限公司
宁波,宁波海王星辰健康药房有限公司天水家园一店
宁波,宁波慈水大药房有限公司
宁波,老百姓大药房连锁（浙江）有限公司宁波翠柏路店
宁波,宁波桑夏大药房有限公司
宁波,宁波市镇海健民大药房
宁波,宁波市镇海区知心大药房
宁波,宁波市镇海永心药房
宁波,宁波市镇海济生堂平民大药房
宁波,宁波市镇海天天好大药房贵驷店
宁波,宁波市镇海天天好大药房
宁波,宁波市镇海益参堂大药房
宁波,宁波市镇海益参堂大药房西门分店
宁波,宁波市镇海国益堂大药房有限公司
宁波,宁波市镇海甬康百姓好大药房
宁波,宁波市镇海甬康百姓好大药房庙戴店
宁波,宁波市镇海甬康百姓好大药房贵驷店
宁波,宁波市镇海龙成药品加盟店
宁波,宁波市镇海龙成药品加盟店中官店
宁波,宁波市镇海龙成骆驼药品有限公司
宁波,宁波市镇海龙成药品加盟店澥浦店
宁波,宁波市镇海龙成药品加盟店庄市店
宁波,宁波市镇海龙成药品加盟店九园店
宁波,宁波市镇海骆驼平民大药房
宁波,宁波市镇海骆驼平民大药房新城店
宁波,宁波海王星辰健康药房有限公司贵驷店
宁波,宁波海王星辰健康药房有限公司镇海西街店
宁波,宁波市镇海敬德药店
宁波,宁波市镇海万弓塘健康大药房
宁波,宁波镇海医药药材有限责任公司大生堂药店
宁波,宁波市镇海益寿堂平民大药房
宁波,宁波市镇海新兴海辰大药房有限公司
宁波,宁波市镇海为民龙成药店
宁波,宁波市镇海区君寿堂药房
宁波,宁波市镇海甬城百信大药房有限公司
宁波,宁波市镇海鸿信药品零售有限公司
宁波,宁波市镇海聚祥大药房
宁波,宁波市镇海心语大药房有限公司
宁波,宁波四明大药房有限责任公司庄市连锁店
宁波,宁波四明大药房有限责任公司镇海连锁店
宁波,宁波四明大药房有限责任公司新明连锁店
宁波,慈溪市百姓药品零售有限公司镇海骆驼店
宁波,宁波市骆驼供销合作社医药商店
宁波,宁波市镇海万康大药房有限公司
宁波,宁波市镇海平民医药有限公司
宁波,宁波市镇海鑫隆大药房
宁波,宁波市镇海龙成药店有限公司合生连锁店
宁波,宁波市海曙开心医药零售有限公司镇海澥浦分店
宁波,宁波市镇海人人好大药房
宁波,宁波市江北慈城健康大药房华丰星城店
宁波,宁波市镇海诚普大药房
宁波,宁波市镇海胜利药店
宁波,宁波市镇海馨辰医药零售有限公司
宁波,宁波市镇海嘉事堂大药房湾塘店
宁波,宁波市镇海嘉事堂大药房长石分店
宁波,宁波市江北慈城健康大药房俞范店
宁波,宁波市镇海庄市老街医药商店
宁波,宁波市镇海龙成药店有限公司南洪连锁店
宁波,宁波市镇海龙成药品有限公司临江连锁店
宁波,宁波市镇海万家兴医药零售有限公司
宁波,宁波江北现代健康大药房庄市分店
宁波,宁波市镇海康源大药房（普通合伙）
宁波,宁波市镇海心辰大药房
宁波,宁波市镇海吉利大药房
宁波,宁波市镇海区宝馨堂药店
宁波,宁波市镇海新兴海辰大药房有限公司骆驼分公司
宁波,宁波市镇海知福中西大药房有限公司
宁波,宁波市镇海新世纪大药房
宁波,浙江友禾大药房有限公司镇海后大街分店
宁波,宁波市镇海龙成药品加盟店港道路店
宁波,宁波市镇海东正药品零售有限公司
宁波,宁波市镇海万弓塘健康大药房聪园路分店
宁波,宁波市镇海美美大药房（普通合伙）
宁波,宁波市镇海益生康大药房
宁波,宁波美德信药房有限公司骆驼店
宁波,宁波市镇海檀鑫旺大药房有限公司
宁波,宁波市镇海春天大药房
宁波,宁波市镇海三江百姓大药房（普通合伙）
宁波,宁波市镇海田顾药店
宁波,宁波市镇海平民医药有限公司后大街分公司
宁波,宁波市四季康来医药有限公司镇海炼化店
宁波,宁波海王星辰健康药房有限公司镇海茗园店
宁波,宁波海王星辰健康药房有限公司庄市店
宁波,宁波海王星辰健康药房有限公司镇海聪园店
宁波,宁波海王星辰健康药房有限公司海尚广场分店
宁波,宁波市镇海嘉事堂大药房
宁波,宁波市镇海香河湾药店(普通合伙)
宁波,宁波市镇海龙成金诚药品加盟店
宁波,宁波市镇海庆鹤堂大药房有限公司
宁波,宁波市四季康来医药有限公司贵驷店
宁波,宁波市四季康来医药有限公司镇海蟹浦店
宁波,宁波市镇海延康大药房有限公司
宁波,宁波市镇海龙成骆驼药品有限公司龙骆店
宁波,宁波市镇海知心堂惠民大药房有限公司
宁波,宁波市镇海龙成药品加盟店十七房店
宁波,宁波市鄞州康旺大药房骆驼店
宁波,宁波市镇海龙成辉阳药品加盟店（普通合伙）
宁波,宁波市镇海川华大药房有限公司
宁波,宁波市镇海惠祥大药房有限公司
宁波,宁波市镇海鸿伟药品零售有限公司
宁波,宁波市镇海龙成学健药品加盟店
宁波,宁波市江北慈城健康大药房勤勇店
宁波,宁波市镇海益群大药房有限公司
宁波,宁波市镇海鸿福大药房有限公司
宁波,宁波市江北慈城健康大药房骆驼店
宁波,宁波市镇海爱德大药房有限公司
宁波,宁波市镇海普济惠民药品零售有限公司
宁波,宁波市镇海天天开心大药房有限公司
宁波,宁波市镇海王森大药房有限公司
宁波,宁波市镇海益延药品零售有限公司
宁波,宁波镇海益安药品零售有限公司
宁波,宁波市镇海蛟川大药房有限公司
宁波,宁波市镇海蛟川大药房有限公司炼化店
宁波,宁波市镇海华美星辰健康大药房有限公司
宁波,宁波市镇海长石自家人大药房
宁波,宁波市镇海新城之星钟包大药房有限公司
宁波,宁波市镇海鸿善药品零售有限公司
宁波,宁波市镇海康美信医药有限公司
宁波,宁波市镇海万众康安医药零售有限公司
宁波,宁波市镇海云燕大药房有限公司
宁波,宁波市镇海龙成药店有限公司古塘连锁店
宁波,宁波市镇海骆兴晋康药房
宁波,宁波市海曙普仁大药房镇海店
宁波,宁波市镇海福济堂新城之星大药房有限公司
宁波,宁波市镇海百分百大药房有限公司
宁波,宁波市镇海天天开心大药房有限公司锦绣曙光店
宁波,宁波市镇海龙成恒春药品加盟店
宁波,宁波市镇海区九龙湖华孚大药房
宁波,象山鹤浦一訫堂大药房庄市分店
宁波,宁波望海大药房有限公司
宁波,宁波市镇海吾悦龙成药品加盟店
宁波,宁波市镇海区福元药房
宁波,宁波市镇海信诺康大药房有限公司
宁波,宁波市镇海药要好大药房有限公司
宁波,宁波市镇海佰草仟药大药房有限公司
宁波,宁波市镇海延寿堂大药房
宁波,宁波彩虹大药房有限公司东钱湖连锁店
宁波,宁波东钱湖旅游度假区百姓大药房
宁波,宁波一言堂医药有限公司
宁波,宁波一言堂医药有限公司沙家垫分公司
宁波,宁波东钱湖旅游度假区城市之星健康药房
宁波,宁波高新区信仁堂医药有限公司东钱湖分公司
宁波,宁波彩虹大药房有限公司东钱湖连锁二店
宁波,宁波东钱湖旅游度假区召和大药房
宁波,宁波东钱湖旅游度假区正源药品连锁店（普通合伙）
宁波,宁波东钱湖旅游度假区康心医药零售有限公司
宁波,宁波东钱湖旅游度假区种德堂城市之星药店
宁波,宁波东钱湖旅游度假区召和大药房紫金店
宁波,宁波市高新区信仁堂医药有限公司莫高分公司
宁波,宁波大榭开发区同济堂大药房
宁波,宁波北仑九峰山大药房药品有限责任公司大榭店
宁波,宁波大榭开发区佰药之家大药房有限公司
宁波,宁波市四季康来医药有限公司甬上民生金海岸店
宁波,宁波市四季康来医药有限公司甬上民生兴岛店
宁波,宁波市四季康来医药有限公司甬上民生邻里中心店
宁波,宁波大榭开发区百姓大药店
宁波,宁波大榭开发区百姓大药店王榭新村分店
宁波,宁波华夏康泰药品零售有限公司大榭店
宁波,宁波市北仑区友禾大药房有限公司大榭分店
宁波,宁波市四季康来医药有限公司甬上民生海湾菜场店
宁波,宁波大榭开发区昕华大药房
宁波,宁波市四季康来医药有限公司大榭店
宁波,宁波大榭开发区沛民大药房
宁波,慈溪市百姓药品零售有限公司海曙雅源店
宁波,慈溪市坎墩万通药店海曙分店
宁波,宁波市段塘药店
宁波,老百姓大药房连锁（浙江）有限公司宁波店
宁波,老百姓大药房连锁（浙江）有限公司宁波联丰店
宁波,老百姓大药房连锁（浙江）有限公司宁波粮丰街店
宁波,老百姓大药房连锁（浙江）有限公司宁波望童路店
宁波,老百姓大药房连锁（浙江）有限公司宁波孝闻店
宁波,老百姓大药房连锁（浙江）有限公司宁波新芝路店
宁波,宁波北京同仁堂大药房有限公司
宁波,宁波北仑家家好药品零售有限公司海曙青林湾分店
宁波,宁波彩虹大药房有限公司蓝天路连锁店
宁波,宁波彩虹大药房有限公司安丰街连锁店
宁波,宁波彩虹大药房有限公司丽园北路连锁店
宁波,宁波彩虹大药房有限公司龙嘘路连锁店
宁波,宁波彩虹大药房有限公司天一家园连锁店
宁波,宁波彩虹大药房有限公司后仓连锁店
宁波,宁波彩虹大药房有限公司高桥连锁店
宁波,宁波彩虹大药房有限公司集士港连锁店
宁波,宁波彩虹大药房有限公司南都连锁店
宁波,宁波彩虹大药房有限公司鄞江连锁店
宁波,宁波彩虹大药房有限公司枫景公寓连锁店
宁波,宁波彩虹大药房有限公司东鼓道连锁一店
宁波,宁波彩虹大药房有限公司仓基街连锁店
宁波,宁波彩虹大药房有限公司西河街连锁店
宁波,宁波彩虹大药房有限公司金茂府连锁店
宁波,宁波彩虹大药房有限公司柳锦连锁店
宁波,宁波彩虹大药房有限公司水岸枫情连锁店
宁波,宁波彩虹大药房有限公司洞桥连锁店
宁波,宁波彩虹大药房有限公司古林连锁三店
宁波,宁波彩虹大药房有限公司舒沁苑连锁店
宁波,宁波彩虹大药房有限公司洞桥连锁二店
宁波,宁波彩虹大药房有限公司晴园连锁店
宁波,宁波彩虹大药房有限公司长乐连锁店
宁波,宁波彩虹大药房有限公司南苑连锁店
宁波,宁波彩虹大药房有限公司联丰大卖场连锁店
宁波,宁波彩虹大药房有限公司古林连锁一店
宁波,宁波彩虹大药房有限公司石碶连锁店
宁波,宁波彩虹大药房有限公司西城连锁店
宁波,宁波彩虹大药房有限公司信谊连锁店
宁波,宁波彩虹大药房有限公司塘西连锁店
宁波,宁波彩虹大药房有限公司藕缆桥连锁店
宁波,宁波彩虹大药房有限公司古林连锁二店
宁波,宁波彩虹大药房有限公司翠柏连锁店
宁波,宁波彩虹大药房有限公司横街连锁店
宁波,宁波彩虹大药房有限公司开明连锁店
宁波,宁波彩虹大药房有限公司城南连锁店
宁波,宁波彩虹大药房有限公司布政连锁二店
宁波,宁波彩虹大药房有限公司望春大卖场
宁波,宁波彩虹大药房有限公司大卿桥连锁店
宁波,宁波彩虹大药房有限公司阳光丽园连锁店
宁波,宁波彩虹大药房有限公司东方阁连锁店
宁波,宁波彩虹大药房有限公司栎社连锁店
宁波,宁波彩虹大药房有限公司科欣路连锁店
宁波,宁波彩虹大药房有限公司冯家连锁店
宁波,宁波彩虹大药房有限公司西湾连锁店
宁波,宁波彩虹大药房有限公司迎凤街连锁店
宁波,宁波彩虹大药房有限公司轻纺城连锁店
宁波,宁波彩虹大药房有限公司商贸路连锁店
宁波,宁波彩虹大药房有限公司白云连锁店
宁波,宁波彩虹大药房有限公司水岸花园连锁店
宁波,宁波彩虹大药房有限公司翠柏连锁二店
宁波,宁波彩虹大药房有限公司青林湾街连锁店
宁波,宁波彩虹大药房有限公司解放南路连锁店
宁波,宁波彩虹大药房有限公司长乐连锁二店
宁波,宁波彩虹大药房有限公司藕池新村连锁店
宁波,宁波帝益药品零售有限公司
宁波,宁波福济堂大药房有限公司
宁波,宁波海曙百济医药零售有限公司
宁波,宁波海曙百康药品有限公司
宁波,宁波海曙福寿斋大药房有限公司
宁波,宁波海曙福寿斋大药房有限公司沁园店
宁波,宁波海曙哈宝家家好医药有限公司
宁波,宁波海曙宏昌参药店
宁波,宁波海曙济世惠人开心大药房有限公司
宁波,宁波海曙金熹药房
宁波,老百姓大药房连锁（浙江）有限公司宁波西湾路店
宁波,宁波海曙启运大药房
宁波,宁波海曙青林渡药房有限公司
宁波,宁波海曙青林湾会好康药房有限公司
宁波,宁波海曙寿仁堂百姓健康大药房有限公司
宁波,宁波海曙西友大药房有限公司
宁波,宁波海曙宜心大药房有限公司
宁波,宁波海曙益友大药房有限公司
宁波,宁波海曙永乐药房有限公司
宁波,宁波海曙甬城阳光大药房有限公司
宁波,宁波海曙甬城阳光大药房有限公司高桥第一分公司
宁波,宁波海曙远健大药房有限公司
宁波,宁波海曙镇明药房有限公司
宁波,宁波海王星辰健康药房有限公司
宁波,宁波海王星辰健康药房有限公司白云店
宁波,宁波海王星辰健康药房有限公司白云二店
宁波,宁波海王星辰健康药房有限公司布政店
宁波,宁波海王星辰健康药房有限公司仓桥店
宁波,宁波海王星辰健康药房有限公司苍松店
宁波,宁波海王星辰健康药房有限公司翠柏路店
宁波,宁波海王星辰健康药房有限公司洞桥店
宁波,宁波海王星辰健康药房有限公司高桥店
宁波,宁波海王星辰健康药房有限公司高塘花园店
宁波,宁波海王星辰健康药房有限公司鼓楼店
宁波,宁波海王星辰健康药房有限公司鼓楼一店
宁波,宁波海王星辰健康药房有限公司集仕港店
宁波,宁波海王星辰健康药房有限公司锦秋店
宁波,宁波海王星辰健康药房有限公司联丰红楼店
宁波,宁波海王星辰健康药房有限公司马园店
宁波,宁波海王星辰健康药房有限公司南苑店
宁波,宁波海王星辰健康药房有限公司南都花城店
宁波,宁波海王星辰健康药房有限公司藕池店
宁波,宁波海王星辰健康药房有限公司琴桥店
宁波,宁波海王星辰健康药房有限公司青林湾店
宁波,宁波海王星辰健康药房有限公司人丰店
宁波,宁波海王星辰健康药房有限公司升阳泰店
宁波,宁波海王星辰健康药房有限公司盛世华庭店
宁波,宁波海王星辰健康药房有限公司石碶二店
宁波,宁波海王星辰健康药房有限公司世纪苑店
宁波,宁波海王星辰健康药房有限公司天一店
宁波,宁波海王星辰健康药房有限公司雅源店
宁波,宁波海王星辰健康药房有限公司鄞江店
宁波,宁波海王星辰健康药房有限公司石碶店
宁波,宁波海王星辰健康药房有限公司海曙雍景店
宁波,宁波海王星辰健康药房有限公司咏归二店
宁波,宁波健欣大药房有限公司
宁波,宁波江北现代健康大药房海曙集士港分店
宁波,宁波开心人大药房有限公司
宁波,宁波康佰家大药房有限公司古林店
宁波,宁波康佰家大药房有限公司集士港店
宁波,宁波柳汀大药房有限公司
宁波,宁波美德信药房有限公司高桥店
宁波,宁波美德信药房有限公司海曙联丰店
宁波,宁波美德信药房有限公司南苑店
宁波,宁波美德信药房有限公司岐阳店
宁波,宁波普利大药房有限公司
宁波,宁波市北仑区新碶华康药房洞桥分店
宁波,宁波市海曙百为康大药房有限公司
宁波,宁波市海曙百源大药房有限公司
宁波,宁波市海曙本气堂医药零售有限公司
宁波,宁波市海曙博济药品零售有限公司
宁波,宁波市海曙德云药店
宁波,宁波市海曙鼎明大药房有限公司
宁波,宁波彩虹大药房有限公司丰成连锁二店
宁波,宁波彩虹大药房有限公司藕池新村连锁二店
宁波,宁波市海曙高桥城市之星健康药房（普通合伙）
宁波,宁波市海曙高桥竹康大药房
宁波,宁波市海曙国康海辰大药房有限公司
宁波,宁波市海曙海辰大药房有限公司
宁波,宁波市海曙海通药店
宁波,宁波市海曙海悦海辰大药房有限公司
宁波,宁波市海曙好耀大药房有限公司
宁波,宁波市海曙恒春大药房有限公司
宁波,宁波市海曙恒福堂大药房有限公司
宁波,宁波市海曙恒海家家好大药房有限公司
宁波,宁波市海曙红会医药零售有限公司
宁波,宁波市海曙华凯药品有限公司
宁波,宁波市海曙阳铭城市之星大药房
宁波,宁波市海曙会好康药房有限公司
宁波,宁波市海曙惠生药房
宁波,宁波市海曙吉泰大药房(普通合伙)
宁波,宁波市海曙健乐药店
宁波,宁波市海曙健生大药房
宁波,宁波市海曙江泽大药房有限公司
宁波,宁波市海曙今安大药房
宁波,宁波市海曙康培益大药房有限公司
宁波,宁波市海曙康善大药房高桥晴园店
宁波,宁波市海曙康阳自家人大药房
宁波,宁波市海曙康佰家大药房
宁波,宁波市海曙老百姓健康大药房
宁波,宁波市海曙乐寿医药有限公司
宁波,宁波市海曙每日佳医药有限公司
宁波,宁波市海曙美诚大药房有限公司
宁波,宁波市海曙铭源城市之星健康药房有限公司百梁桥分公司
宁波,宁波市海曙铭源城市之星健康药房有限公司
宁波,宁波市海曙平佳医药零售有限公司孙家漕分店
宁波,宁波市海曙普仁大药房
宁波,宁波市海曙普仁大药房高桥店
宁波,宁波市海曙启源药店
宁波,宁波市海曙区晴园大药房有限公司
宁波,宁波市海曙区御皇大药房
宁波,宁波市海曙区长生大药房（普通合伙）
宁波,宁波市海曙全草大药房有限公司
宁波,宁波市海曙仁仁健康药房有限公司
宁波,宁波市海曙蜃蛟中西药店
宁波,宁波市海曙施泰乐大药房有限公司
宁波,宁波市海曙石矸松寿堂大药房薛家店
宁波,宁波市海曙寿鑫大药房有限公司
宁波,宁波市海曙舒心药店
宁波,宁波市海曙顺安泰中西大药房有限公司
宁波,宁波市海曙天和大药房
宁波,宁波市海曙宛美大药房有限公司
宁波,宁波市海曙万佳大药房
宁波,宁波市海曙伟顺大药房
宁波,宁波市海曙文诚药房有限公司
宁波,宁波市海曙喜阳阳健康药房有限公司
宁波,宁波市海曙香香药房
宁波,宁波市海曙香香药房横涨分店
宁波,宁波市海曙祥和大药房有限公司
宁波,宁波市海曙馨昊药房有限公司
宁波,宁波市海曙鑫堂大药房有限公司
宁波,宁波市海曙信谊医药零售有限公司
宁波,宁波市海曙雅渡保康大药房
宁波,宁波市海曙医药店
宁波,宁波市海曙甬清堂大药房有限公司
宁波,宁波市海曙原泰城市之星健康药房
宁波,宁波市海曙源生大药房（普通合伙）
宁波,宁波市海曙悦康海辰大药房有限公司
宁波,宁波市海曙悦康海辰大药房有限公司君尚城店
宁波,宁波市海曙悦康海辰大药房有限公司蒲家兰庭店
宁波,宁波市海曙蕴康家家好大药房有限公司
宁波,宁波市海曙泽林大药房布政分店
宁波,宁波市海曙泽林大药房后仓分店
宁波,宁波市海曙泽林大药房礼嘉桥分店
宁波,宁波市海曙泽泰医药有限公司
宁波,宁波市海曙哲渝平民大药房
宁波,宁波市海曙真诚大药房有限公司
宁波,宁波市海曙左邻右舍健康大药房有限公司
宁波,宁波市四季康来医药有限公司马园路店
宁波,宁波市江北区益沐堂医药零售有限公司藕缆桥店
宁波,宁波市江北万和大药房有限公司海曙柳汀店
宁波,宁波今世康大药房有限公司
宁波,宁波市四季康来医药有限公司海曙石碶店
宁波,宁波市益众大药房有限公司
宁波,宁波市海曙百佳医药零售有限公司
宁波,宁波市海曙古林东方大药房
宁波,宁波市海曙古林古中大药房
宁波,宁波市海曙古林礼嘉桥大众医药零售有限公司
宁波,宁波市海曙古林南阳药品有限公司
宁波,宁波市海曙古林南阳药品有限公司合升分店
宁波,宁波市海曙古林泰宁大药房
宁波,宁波市海曙古林新安泰大药房（普通合伙）
宁波,宁波市海曙古林新安泰大药房（普通合伙）布政店
宁波,宁波市海曙古林新安泰大药房（普通合伙）一分店
宁波,宁波市海曙和芳堂大药房（普通合伙）
宁波,宁波市海曙恒好大药房有限公司
宁波,宁波市海曙横街乐康药店
宁波,宁波市海曙洪渡大药房有限公司
宁波,宁波市海曙华铭城市之星健康药房
宁波,宁波市海曙惠众大药房有限公司
宁波,宁波市海曙集士港医药商店
宁波,宁波市鄞州姜山慧仁大药房集士港分店
宁波,宁波市鄞州姜山慧仁大药房轻纺城分店
宁波,宁波市海曙康爱大药房有限公司
宁波,宁波市鄞州康佰家厚物堂大药房有限公司石碶店
宁波,宁波市海曙康民医药零售有限公司
宁波,宁波市海曙康善大药房
宁波,宁波市海曙可仁大药房有限公司
宁波,宁波市海曙灵芝堂医药零售有限公司
宁波,宁波市鄞州美佳大药房三市店
宁波,宁波市鄞州美佳大药房尹江店
宁波,宁波市海曙平佳医药零售有限公司
宁波,宁波市海曙谱安医药零售有限公司
宁波,宁波市海曙轻纺城健康大药房
宁波,宁波市海曙区致君大药房
宁波,宁波市海曙润丰药品零售有限公司
宁波,宁波市海曙石碶松寿堂大药房
宁波,宁波市海曙石碶天康大药房
宁波,宁波市海曙松延堂大药房有限公司
宁波,宁波市海曙天天乐药房有限公司
宁波,宁波市海曙祥瑞大药房有限公司
宁波,宁波市海曙新盛汇康大药房有限公司
宁波,宁波市海曙奕宏大药房
宁波,宁波市海曙益惠大药房
宁波,宁波市海曙银河堂药房
宁波,宁波市海曙鄞江四明大药房有限公司
宁波,宁波市海曙永旺大药房
宁波,宁波市海曙永旺大药房古林店
宁波,宁波市海曙甬之康健康药房
宁波,宁波市海曙美锐大药房
宁波,宁波市海曙泽林大药房
宁波,宁波市仲景堂大药房有限公司
宁波,宁波四明大药房有限责任公司横街连锁店
宁波,宁波四明大药房有限责任公司集士港连锁店
宁波,宁波四明大药房有限责任公司藕缆桥连锁店
宁波,宁波四明大药房有限责任公司三市连锁店
宁波,宁波四明大药房有限责任公司石碶药城分公司
宁波,宁波四明大药房有限责任公司四明大药房连锁店
宁波,宁波四明大药房有限责任公司新晨连锁店
宁波,宁波四明大药房有限责任公司新典连锁店
宁波,宁波四明大药房有限责任公司新苑连锁店
宁波,宁波四明大药房有限责任公司西北连锁店
宁波,宁波四明大药房有限责任公司徐家漕连锁店
宁波,宁波四明大药房有限责任公司长乐连锁店
宁波,宁波四明大药房有限责任公司中山连锁店
宁波,宁波市海曙新芝医药零售有限公司
宁波,宁波杏苑大药房有限公司
宁波,宁波医元堂医药有限公司
宁波,宁波甬药江南大药房有限公司海曙白岳锁店
宁波,宁波彩虹大药房有限公司樟村连锁店
宁波,宁波甬药江南大药房有限公司海曙樟村锁店
宁波,宁波彩虹大药房有限公司包家连锁二店
宁波,宁波彩虹大药房有限公司井亭家园连锁店
宁波,宁波彩虹大药房有限公司礼嘉桥连锁店
宁波,宁波彩虹大药房有限公司青林湾街连锁二店
宁波,宁波彩虹大药房有限公司何家连锁店
宁波,宁波彩虹大药房有限公司新家园连锁店
宁波,宁波彩虹大药房有限公司薛家连锁店
宁波,宁波彩虹大药房有限公司西湖花园连锁店
宁波,宁波彩虹大药房有限公司俞家连锁店
宁波,上海益丰大药房连锁有限公司宁波柳汀街店
宁波,上海益丰大药房连锁有限公司宁波南苑店
宁波,上海益丰大药房连锁有限公司宁波新芝路店
宁波,上药控股宁波医药股份有限公司大药房
宁波,浙江友禾大药房有限公司海曙古林店
宁波,宁波市海曙华嘉大药房有限公司
宁波,宁波甬药江南大药房有限公司海曙卖面桥连锁店
宁波,宁波市海曙横街佑康大药房
宁波,宁波市海曙金缘大药房有限公司
宁波,宁波市海曙万顺堂大药房
宁波,宁波市海曙岐湖大药房
宁波,宁波彩虹大药房有限公司包家连锁店
宁波,宁波彩虹大药房有限公司关爱连锁店
宁波,宁波彩虹大药房有限公司客运中心连锁店
宁波,宁波彩虹大药房有限公司栎社老街连锁店
宁波,宁波彩虹大药房有限公司龙观连锁店
宁波,宁波市海曙天凯大药房有限公司
宁波,宁波市海曙集士港世纪星辰大药房（普通合伙）
宁波,宁波市海曙区齐悦大药房有限公司
宁波,宁波海王星辰健康药房有限公司柳庄一店
宁波,宁波平和仁堂医药有限公司
宁波,宁波市海曙协力健康管理有限公司
宁波,宁波市海曙洞桥中西医药有限公司
宁波,宁波市海曙耀康大药房有限公司
宁波,宁波市海曙明苑大药房有限公司
宁波,宁波市海曙华泰大药房
宁波,宁波市海曙同安大药房
宁波,宁波彩虹大药房有限公司水岸花园连锁二店
宁波,宁波彩虹大药房有限公司古林菜场连锁店
宁波,宁波彩虹大药房有限公司俞家连锁二店
宁波,宁波彩虹大药房有限公司横街连锁二店
宁波,宁波彩虹大药房有限公司葑里连锁店
宁波,宁波彩虹大药房有限公司望童北路连锁店
宁波,宁波彩虹大药房有限公司呼童街连锁店
宁波,宁波市海曙圣安吉大药房有限公司
宁波,宁波鄞州民安大药房
宁波,宁波市鄞州铭仁堂健康药房有限公司
宁波,宁波市鄞州区贵仁药房
宁波,宁波开心国寿堂医药有限公司
宁波,老百姓大药房连锁（浙江）有限公司宁波永达西路店
宁波,老百姓大药房连锁（浙江）有限公司宁波贺丞路一店
宁波,宁波鄞州益康大药房（普通合伙）
宁波,宁波市鄞州家家乐药房波波城分店
宁波,宁波江东好心情大药房（普通合伙）
宁波,浙江友禾大药房有限公司华严分店
宁波,宁波鄞州福万家药房（普通合伙）
宁波,宁波彩虹大药房有限公司太古城连锁三店
宁波,宁波彩虹大药房有限公司甬港连锁店
宁波,宁波彩虹大药房有限公司东和路连锁店
宁波,宁波彩虹大药房有限公司太古城连锁二店
宁波,宁波海王星辰健康药房有限公司华严店
宁波,宁波海王星辰健康药房有限公司常青藤二店
宁波,宁波海王星辰健康药房有限公司东海店
宁波,宁波海王星辰健康药房有限公司金鼎二店
宁波,宁波海王星辰健康药房有限公司张斌桥店
宁波,宁波海王星辰健康药房有限公司新河明珠一店
宁波,宁波海王星辰健康药房有限公司文景店
宁波,宁波海王星辰健康药房有限公司华严二店
宁波,宁波海王星辰健康药房有限公司明园店
宁波,宁波海王星辰健康药房有限公司日月星辰店
宁波,宁波市鄞州区美佳大药房曙光店
宁波,宁波海王星辰健康药房有限公司百丈苑店
宁波,宁波海王星辰健康药房有限公司东莺新村店
宁波,宁波海王星辰健康药房甬港北路店
宁波,宁波海王星辰健康药房有限公司格兰云天店
宁波,宁波海王星辰健康药房有限公司鄞州四明中路店
宁波,宁波海王星辰健康药房有限公司鄞州春江花城店
宁波,宁波海王星辰健康药房有限公司鄞州都市森林店
宁波,宁波海王星辰健康药房有限公司鄞州盛世天城店
宁波,宁波海王星辰健康药房有限公司鄞州世纪花园店
宁波,宁波海王星辰健康药房有限公司鄞州紫郡店
宁波,宁波市鄞州新福大药房
宁波,宁波市鄞州姜山慧仁大药房五乡分店
宁波,老百姓大药房连锁（浙江）有限公司宁波市鄞州金家新村店
宁波,宁波市鄞州佳康大药房有限公司
宁波,宁波鄞州慧信大药房有限公司
宁波,宁波市鄞州紫诚大药房有限公司
宁波,宁波市正源大药房有限公司鄞州连锁店
宁波,宁波市鄞州同致药品零售有限公司
宁波,宁波市鄞州修仁堂医药有限公司
宁波,宁波市鄞州福顺医药零售有限公司
宁波,宁波启明星健康大药房有限公司
宁波,宁波市鄞州仲康大药房
宁波,宁波市鄞州芝兰大药房
宁波,宁波市鄞州区品康药品零售有限公司
宁波,宁波市鄞州享优堂大药房（普通合伙）
宁波,上海益丰大药房连锁有限公司宁波天童北路店
宁波,宁波彩虹大药房有限公司新江厦连锁店
宁波,宁波彩虹大药房有限公司鄞州紫郡连锁店
宁波,宁波海王星辰健康药房有限公司朝阳店
宁波,宁波市鄞州福宁大药房（普通合伙)
宁波,宁波市鄞州宁福大药房有限公司
宁波,宁波市鄞州多福一源药房有限公司
宁波,宁波市鄞州奥强药店
宁波,宁波市鄞州佳尔大药房
宁波,宁波市鄞州横溪会佳大药房
宁波,宁波市鄞州福慧堂中西大药房
宁波,宁波市鄞州好善堂大药房有限公司
宁波,宁波海王星辰健康药房有限公司东裕店
宁波,宁波海王星辰健康药房有限公司钟盈店
宁波,宁波市鄞州葫芦大药房
宁波,宁波市康佰家养心堂大药房有限公司
宁波,宁波市鄞州康悦医药零售有限公司
宁波,宁波市鄞州正康医药零售有限公司
宁波,宁波市鄞州济民药品零售有限公司
宁波,宁波市鄞州兴民大药房
宁波,宁波市鄞州清河堂大药房（普通合伙）
宁波,宁波市鄞州佳仁大药房有限公司
宁波,宁波市鄞州健龙医药有限公司
宁波,宁波市鄞州钱乙堂医药有限公司
宁波,宁波市鄞州鄞康大药房有限公司
宁波,宁波市鄞州栗盛城市之星健康药房有限公司
宁波,宁波彩虹大药房有限公司鄞州朝阳连锁店
宁波,宁波彩虹大药房有限公司鄞州万客隆连锁店
宁波,宁波彩虹大药房有限公司鄞州姜丽路连锁二店
宁波,宁波市鄞州瞻虹甬药江南大药房
宁波,宁波市鄞州咸祥城市之星健康药房有限公司
宁波,宁波市鄞州康福堂医药零售有限公司
宁波,宁波市鄞州会康大药房有限公司
宁波,宁波市鄞州区美佳大药房邱隘店
宁波,宁波市鄞州人和万兴健康大药房有限公司
宁波,鄞州华裕药房
宁波,宁波康佰家大药房有限公司
宁波,宁波康佰家大药房有限公司下应店
宁波,宁波市鄞州美佳大药房民安店
宁波,老百姓大药房连锁（浙江）有限公司宁波甬港北路店
宁波,宁波鄞州阳益大药房有限公司
宁波,宁波市鄞州众优城市之星健康药房
宁波,宁波市鄞州鹤鸣大药房
宁波,宁波市鄞州泰仁药房
宁波,宁波银苑大药房有限公司
宁波,宁波鄞州明楼春源大药房
宁波,宁波市鄞州宏天大药房
宁波,浙江友禾大药房有限公司甬港分店
宁波,宁波市鄞州锦绣城市之星健康药房有限公司
宁波,宁波海王星辰健康药房有限公司太古城店
宁波,宁波市鄞州慧心中西大药房有限公司
宁波,宁波市鄞州鑫芝堂医药有限公司
宁波,宁波市海曙古林南阳药品有限公司鄞州毛家漕分公司
宁波,宁波市鄞州云龙镇正源药品连锁店（普通合伙）
宁波,宁波市鄞州区云龙镇洪惠堂大药房
宁波,宁波市鄞州普度一源药房有限公司
宁波,宁波市鄞州恒吉医药有限公司环球城分公司
宁波,宁波甬药江南大药房有限公司海悦连锁店
宁波,宁波市鄞州下应福星大药房
宁波,浙江昆慧轩大药房有限公司宁波环球银泰城店
宁波,宁波市康佰家芳阳大药房有限公司
宁波,宁波市鄞州新月大药房
宁波,宁波市鄞州瑞兴大药房首南菜场店
宁波,宁波市鄞州大自然医药零售有限公司
宁波,宁波彩虹大药房有限公司鄞州贸城中路连锁店
宁波,宁波海王星辰健康药房有限公司沃尔玛万达店
宁波,宁波市鄞州康佰家厚物堂大药房有限公司
宁波,宁波市鄞州康佰家厚物堂大药房有限公司甲村店
宁波,宁波市鄞州康佰家厚物堂大药房有限公司横溪店
宁波,宁波市鄞州春谷堂医药零售有限公司
宁波,宁波市鄞州德宁堂大药房有限公司
宁波,宁波市鄞州阳美大药房有限公司
宁波,宁波市鄞州开启大药房有限公司
宁波,宁波四明大药房有限责任公司姜山顺明连锁店
宁波,宁波市鄞州奥强药店宝幢分店
宁波,宁波市鄞州怡香大药房
宁波,宁波市鄞州保源康大药房有限公司
宁波,宁波市鄞州家家乐药房东吴二店
宁波,宁波市海曙惠生药房前徐分店
宁波,宁波市四季康来医药有限公司鄞州梅溪店
宁波,宁波甬药江南大药房有限公司鄞州明轩连锁店
宁波,宁波彩虹大药房有限公司甬港南路连锁店
宁波,宁波彩虹大药房有限公司华侨城连锁店
宁波,宁波四明大药房有限责任公司保丰连锁店
宁波,上海益丰大药房连锁有限公司宁波黄鹂新村店
宁波,宁波市鄞州区德济大药房有限公司
宁波,宁波市鄞州瑞兴大药房中山东路店
宁波,宁波市鄞州景润大药房有限公司
宁波,宁波市鄞州馨仁医药有限公司石桥店
宁波,宁波市鄞州区奕代大药房有限公司
宁波,宁波市鄞州至济大药房有限公司
宁波,宁波市鄞州川蜀医药有限公司
宁波,宁波市海曙全草大药房有限公司印象外滩分公司
宁波,浙江昆慧轩大药房有限公司宁波长丰店
宁波,宁波彩虹大药房有限公司鄞州东裕连锁店
宁波,宁波彩虹大药房有限公司曙光连锁店
宁波,宁波彩虹大药房有限公司鄞州云龙连锁店
宁波,老百姓大药房连锁（浙江）有限公司宁波五乡店
宁波,宁波市鄞州如兴大药房有限公司
宁波,宁波市鄞州东南工贸有限公司横溪中西药店
宁波,宁波市四季康来医药有限公司鄞州东吴店
宁波,宁波市四季康来医药有限公司鄞州瞻兴店
宁波,宁波市鄞州仁甫大药房有限公司
宁波,宁波彩虹大药房有限公司鄞州东湖花园连锁店
宁波,浙江友禾大药房有限公司中山东路店
宁波,宁波市鄞州大松医药有限公司
宁波,宁波市鄞州金诺药店
宁波,宁波市鄞州德轩大药房有限公司
宁波,宁波市鄞州夏日里大药房有限责任公司
宁波,宁波市鄞州美汇通药房有限公司
宁波,宁波市鄞州同健医药有限公司
宁波,宁波市鄞州好信慧仁大药房有限公司
宁波,宁波市鄞州铭佳大药房
宁波,宁波市鄞州七叶一枝花健康药房有限公司
宁波,宁波彩虹大药房有限公司兰亭绿源连锁店
宁波,宁波彩虹大药房有限公司东海花园连锁店
宁波,宁波彩虹大药房有限公司鄞州爱民北路连锁店
宁波,宁波彩虹大药房有限公司锦绣东城连锁店
宁波,宁波彩虹大药房有限公司鄞州御锦花苑连锁店
宁波,宁波彩虹大药房有限公司九曲连锁店
宁波,宁波彩虹大药房有限公司鄞州金色珑庭连锁店
宁波,宁波彩虹大药房有限公司鄞州塘溪连锁店
宁波,宁波彩虹大药房有限公司鄞州中翠家园连锁店
宁波,宁波彩虹大药房有限公司鄞州中海国际连锁店
宁波,宁波彩虹大药房有限公司中兴连锁店
宁波,宁波鄞州众源医药有限公司
宁波,宁波市鄞州青蕾大药房有限公司
宁波,宁波市鄞州区正本堂大药房有限公司
宁波,宁波市鄞州修聚堂大药房有限公司
宁波,宁波海王星辰健康药房有限公司钱湖店
宁波,宁波市正源大药房有限公司鄞州桑德兹连锁店
宁波,宁波市鄞州百禾春大药房李花桥分店
宁波,宁波市鄞州百禾春大药房荣安分店
宁波,宁波市鄞州瑞兴大药房荣安琴湾店
宁波,宁波市鄞州卡尼亚药房有限公司
宁波,宁波开心国寿堂医药有限公司潘火店
宁波,宁波开心国寿堂医药有限公司学府店
宁波,宁波市鄞州爱淇雨大药房有限公司
宁波,宁波市鄞州邻佳医药有限公司
宁波,宁波鄞州金当归药品有限公司
宁波,宁波四明大药房有限责任公司朝晖连锁店
宁波,宁波市鄞州区济坤堂药房有限公司
宁波,宁波海王星辰健康药房有限公司茂兴一店
宁波,宁波市喜悦健康药房有限公司
宁波,宁波市鄞州尽源大药房有限公司
宁波,宁波贤福堂大药房有限公司
宁波,宁波市鄞州良生大药房有限公司
宁波,宁波市鄞州早早好药店海创店
宁波,宁波彩虹大药房有限公司鄞州陈婆渡连锁店
宁波,宁波彩虹大药房有限公司福明家园连锁店
宁波,宁波彩虹大药房有限公司鄞州姜丽路连锁店
宁波,宁波彩虹大药房有限公司鄞州青年路连锁店
宁波,宁波彩虹大药房有限公司王隘连锁二店
宁波,宁波市四季康来医药有限公司鄞州明东花苑店
宁波,宁波市四季康来医药有限公司鄞州曙升店
宁波,宁波彩虹大药房有限公司东吴连锁店
宁波,宁波南塘药铺有限公司
宁波,浙江友禾大药房有限公司鄞州姜山店
宁波,浙江友禾大药房有限公司太古城店
宁波,宁波铂虹医药有限公司
宁波,宁波市鄞州恒吉医药有限公司球山分公司
宁波,宁波市鄞州健通医药有限公司
宁波,宁波市鄞州康达医药零售有限公司白鹤店
宁波,宁波彩虹大药房有限公司彩北连锁店
宁波,宁波海王星辰健康药房有限公司锦绣店
宁波,宁波四明大药房有限责任公司兴宁路连锁店
宁波,宁波市鄞州兴旺医药零售有限公司安居药房
宁波,宁波四明大药房有限责任公司太古城连锁店
宁波,宁波市鄞州兴旺医药零售有限公司东裕大药房
宁波,宁波市鄞州康绿药品零售有限责任公司
宁波,宁波市鄞州咸祥利民中西大药房
宁波,宁波市鄞州姜山中西大药房
宁波,宁波市鄞州下应和顺大药房有限公司
宁波,宁波彩虹大药房有限公司鄞州邱隘大卖场
宁波,宁波彩虹大药房有限公司鄞州五乡连锁店
宁波,宁波健灵医药零售有限公司
宁波,宁波海王星辰健康药房有限公司东吴店
宁波,宁波市越丰堂药店（普通合伙）
宁波,宁波市四季康来医药有限公司塘盛店
宁波,宁波海王星辰健康药房有限公司江南春晓店
宁波,宁波海王星辰健康药房有限公司常青藤店
宁波,宁波彩虹大药房有限公司黄鹂连锁店
宁波,宁波四明大药房有限责任公司宋诏桥连锁店
宁波,宁波市鄞州早早好药店
宁波,宁波市鄞州永泰大药房
宁波,宁波市鄞州京言堂医药零售有限公司
宁波,宁波市鄞州区横溪葆和堂药店
宁波,宁波彩虹大药房有限公司鄞州长丰连锁店
宁波,宁波彩虹大药房有限公司鄞州姜山连锁二店
宁波,宁波海王星辰健康药房有限公司甲村店
宁波,宁波彩虹大药房有限公司太古城连锁店
宁波,宁波市鄞州咸祥医药零售有限公司
宁波,宁波市鄞州宋诏桥中西大药房
宁波,宁波市鄞州新四明山大药房有限公司
宁波,宁波海王星辰健康药房有限公司舟孟店
宁波,宁波市鄞州百益堂大药房有限公司
宁波,宁波四明大药房有限责任公司姜山环镇连锁店
宁波,宁波彩虹大药房有限公司兴宁连锁店
宁波,宁波彩虹大药房有限公司鄞州东莺连锁店
宁波,宁波海王星辰健康药房有限公司波波城店
宁波,宁波市鄞州潘火同心大药房有限公司
宁波,宁波海王星辰健康药房有限公司明楼店
宁波,宁波海王星辰健康药房有限公司新都美地店
宁波,老百姓大药房连锁（浙江）有限公司宁波中山东路店
宁波,宁波市鄞州谷雨堂大药房
宁波,宁波海王星辰健康药房有限公司东湖花园店
宁波,东阳市老百姓药品零售有限公司鄞州分公司
宁波,宁波会好康药房有限公司
宁波,宁波市鄞州顺康大药房
宁波,宁波市鄞州瞻岐怡民中西药店
宁波,宁波彩虹大药房有限公司鄞州姜山连锁店
宁波,宁波市鄞州邱隘中西大药房
宁波,宁波彩虹大药房有限公司鄞州云龙连锁三店
宁波,宁波鄞州书香景苑健康药房
宁波,宁波市正源大药房有限公司朝晖店
宁波,宁波四明大药房有限责任公司华严三江连锁店
宁波,宁波四明大药房有限责任公司中山东路连锁店
宁波,宁波市鄞州徐王州大药房有限公司
宁波,宁波彩虹大药房有限公司桑田路连锁店
宁波,宁波彩虹大药房有限公司鄞州邱隘镇中连锁店
宁波,宁波市鄞州康宜美大药房
宁波,宁波市鄞州云龙万顺堂大药房
宁波,宁波市鄞州一源药房（普通合伙）
宁波,宁波市四季康来医药有限公司鄞州邱隘店
宁波,宁波市鄞州家家乐药房
宁波,宁波市鄞州家家乐药房东吴分店
宁波,宁波市鄞州益寿药品零售有限公司
宁波,宁波彩虹大药房有限公司海宁街连锁店
宁波,慈溪百姓药品有限公司鄞州五乡店
宁波,宁波彩虹大药房有限公司鄞州飞虹连锁店
宁波,宁波海王星辰健康药房有限公司民安一店
宁波,宁波海王星辰健康药房有限公司鄞州金桥水岸店
宁波,宁波市鄞州五乡会好康药房有限公司
宁波,宁波市鄞州悠乐药房
宁波,宁波市鄞州海兴药房
宁波,宁波海王星辰健康药房有限公司彩虹南路店
宁波,宁波市四季康来医药有限公司鄞州姜山店
宁波,宁波彩虹大药房有限公司鄞州南裕连锁店
宁波,宁波鄞州陆嘉大药房
宁波,宁波海王星辰健康药房有限公司东裕二店
宁波,宁波海王星辰健康药房有限公司荣合公馆店
宁波,宁波市鄞州兴旺医药零售有限公司
宁波,宁波市鄞州永泰大药房联心分店
宁波,宁波彩虹大药房有限公司鄞州东湖花园连锁二店
宁波,宁波市鄞州五乡会好康药房有限公司第一分公司
宁波,宁波市鄞州宜众大药房
宁波,宁波四明大药房有限责任公司联中连锁店
宁波,宁波市鄞州瑞兴大药房
宁波,宁波彩虹大药房有限公司徐戎锁店
宁波,宁波市鄞州家家乐药房幸福苑分店
宁波,宁波市鄞州瑞兴大药房陈婆渡分店
宁波,宁波市鄞州塘溪芝林药店
宁波,宁波四明大药房有限责任公司王隘连锁店
宁波,宁波彩虹大药房有限公司鄞州金色水岸连锁店
宁波,宁波爱倍生大药房有限公司
宁波,宁波英特怡年药房有限公司
宁波,宁波市鄞州东吴同皓大药房有限公司
宁波,宁波市鄞州瑞清大药房
宁波,宁波四明大药房有限责任公司东裕连锁店
宁波,宁波市鄞州康达医药零售有限公司
宁波,宁波市鄞州古香大药房有限公司
宁波,宁波市鄞州大家好药房
宁波,宁波海王星辰健康药房有限公司中萃店
宁波,宁波市鄞州百禾春大药房
宁波,宁波市四季康来医药有限公司鄞州正始店
宁波,宁波市鄞州琦健药店（普通合伙）
宁波,慈溪百姓药品有限公司鄞州甲旺店
宁波,宁波市康佰家宏顺大药房有限公司
宁波,宁波市四季康来医药有限公司邱隘青年店
宁波,宁波甬药医药有限公司徐东埭老百姓大药房
宁波,宁波彩虹大药房有限公司鄞州下应连锁二店
宁波,宁波彩虹大药房有限公司幸福苑连锁店
宁波,浙江友禾大药房有限公司第二十九分店
宁波,宁波市鄞州潘火城市之星健康药房
宁波,老百姓大药房连锁（浙江）有限公司宁波兴宁路店
宁波,宁波市鄞州海兴药房常青藤店
宁波,宁波彩虹大药房有限公司鄞州贸城东路连锁店
宁波,老百姓大药房连锁（浙江）有限公司宁波王隘路店
宁波,宁波彩虹大药房有限公司鄞州蟠龙连锁店
宁波,宁波彩虹大药房有限公司惊驾路连锁店
宁波,慈溪百姓药品有限公司鄞州姜山店
宁波,宁波市鄞州百杆秤健康大药房
宁波,宁波市鄞州本草纲目医药有限公司
宁波,宁波市鄞州潘火同心大药房有限公司泗港分公司
宁波,宁波甬药江南大药房有限公司鄞州东吴连锁店
宁波,宁波彩虹大药房有限公司鄞州永达连锁店
宁波,宁波彩虹大药房有限公司张斌桥连锁店
宁波,宁波海王星辰健康药房有限公司鄞州邱隘镇中店
宁波,宁波海王星辰健康药房有限公司新天地店
宁波,宁波海王星辰健康药房有限公司彩虹店
宁波,宁波海王星辰健康药房有限公司东部新城银泰店
宁波,慈溪百姓药品有限公司鄞州宁南店
宁波,慈溪百姓药品有限公司鄞州钟公庙店
宁波,宁波市城市之星健康药房有限公司
宁波,宁波市甬城会好康药房有限公司
宁波,宁波市鄞州家家乐药房小花园店
宁波,宁波市四季康来医药有限公司鄞州宁康店
宁波,宁波市鄞州恒吉医药有限公司
宁波,宁波市鄞州馨仁医药有限公司
宁波,宁波惠宁大药房有限公司
宁波,宁波市鄞州容和大药房
宁波,宁波鄞州普乐康美医药有限公司
宁波,宁波市鄞州昆慧轩大药房
宁波,宁海佰药之家大药房鄞州咸祥分店
宁波,宁波彩虹大药房有限公司鄞州句章东路连锁店
宁波,老百姓大药房连锁（浙江）有限公司宁波甬港南路店
宁波,宁波市四季康来医药有限公司鄞州田郑店
宁波,宁波四明大药房有限责任公司新勤连锁店
宁波,宁波鄞州兆康大药房
宁波,宁波海王星辰健康药房有限公司锦苑二店
宁波,宁波海王星辰健康药房有限公司东城水岸店
宁波,宁波市鄞州明上大药房
宁波,宁波市鄞州姜山慧仁大药房
宁波,宁波市鄞州姜山厚朴大药房有限公司
宁波,宁波市鄞州源尚堂大药房有限公司
宁波,宁波市鄞州同锦堂医药零售有限公司
宁波,宁波彩虹大药房有限公司惠风连锁店
宁波,宁波市鄞州京甬医药零售有限公司
宁波,宁波市鄞州国英堂大药房有限公司
宁波,宁波市鄞州寅午堂大药房
宁波,宁波高新区万兴健康大药房有限公司鄞州五乡分店
宁波,宁波海王星辰健康药房有限公司下应店
宁波,宁波市鄞州云龙康春药店
宁波,宁波市鄞州仁康大药房
宁波,宁波市鄞州天然草大药房
宁波,宁波市鄞州宜众大药房泰寓店
宁波,宁波市鄞州多财一源药房
宁波,浙江昆慧轩大药房有限公司
宁波,老百姓大药房连锁（浙江）有限公司宁波百丈东路店
宁波,宁波市鄞州百年开心大药房春园店
宁波,宁波市鄞州越东万兴健康大药房有限公司
宁波,宁波市鄞州康寿药店
宁波,宁波市鄞州天兴药品零售有限公司
宁波,宁波市四季康来医药有限公司鄞州潘火店
宁波,宁波市四季康来医药有限公司鄞州五乡店
宁波,宁波市四季康来医药有限公司鄞州太平桥店
宁波,宁波市鄞州德民药房
宁波,宁波市鄞州慧益中西大药房有限公司
宁波,宁波市鄞州桂仁堂大药房
宁波,宁波市鄞州佳宏大药房有限公司
宁波,宁波市鄞州姜山大同药房
宁波,宁波市鄞州姜山慧仁大药房长丰分店
宁波,宁波市鄞州城市之星天康药店
宁波,宁波市鄞州普济堂医药零售有限公司
宁波,宁波市鄞州普济堂医药零售有限公司邱隘分公司
宁波,宁波市鄞州邱隘四季星辰大药房
宁波,宁波高新区万兴健康大药房有限公司鄞州分店
宁波,宁波市鄞州喜来乐大药房
宁波,宁波市鄞州一源药房（普通合伙）东湖店
宁波,宁波市鄞州宜众大药房南裕分店
宁波,宁波彩虹大药房有限公司鄞州云龙连锁二店
宁波,宁波彩虹大药房有限公司鄞州青年路连锁二店
宁波,宁波甬药江南大药房有限公司鄞州咸祥连锁店
宁波,宁波市鄞州姜山百年开心大药房
宁波,宁波市鄞州美佳大药房
宁波,宁波市鄞州百年开心大药房
