宁波,宁波市四季康来医药有限公司甬上民生金城店,浙江省宁波市北仑区大碶街道坝头路402、404、406号
宁波,宁波市四季康来医药有限公司甬上民生仁民店,宁波市北仑区新碶街道泰东河路111号4幢111号、113号4幢113号
宁波,宁波市四季康来医药有限公司甬上民生新大路店,浙江省宁波市北仑区新碶街道新大路126号
宁波,宁波市四季康来医药有限公司甬上民生四季店,浙江省宁波市北仑区新碶新大路668号1幢668号、670号1幢670号
宁波,宁波市四季康来医药有限公司甬上民生东河路店,宁波市北仑区新碶街道东河路628、630号1幢004号
宁波,宁波市四季康来医药有限公司甬上民生上街店,浙江省宁波市北仑区大碶上街8号1幢（1)（2）
宁波,宁波市四季康来医药有限公司甬上民生天兴嘉园店,宁波市北仑区霞浦街道泰东河路180号14幢180号
宁波,宁波四季康来医药有限公司北仑银杏店,宁波市北仑区新碶街道沿海村17-7~8号
宁波,宁波市四季康来医药有限公司北仑大碶店,宁波市北仑区大碶街道人民北路387号21幢387号、389号21幢389号
宁波,宁波市四季康来医药有限公司北仑凤洋店,宁波市北仑区新碶街道沿海村凤洋二路
宁波,宁波市四季康来医药有限公司北仑王隘店,宁波市北仑区大碶街道老贺村楼下23号
宁波,宁波市四季康来医药有限公司北仑庐山店,宁波市北仑区霞浦街道庐山东路1269号
宁波,宁波市四季康来医药有限公司北仑衙前店,宁波市北仑区小港街道衙前村康乐桥100号
宁波,宁波市四季康来医药有限公司保税区店,宁波市北仑区保税区庐山西路158号1-105
宁波,宁波市四季康来医药有限公司北仑沿海店,宁波市北仑区新碶街道沿海村张功房52号
宁波,宁波市四季康来医药有限公司北仑柴桥店,宁波市北仑区柴桥街道盟光路270号（云景四季）17幢270号
宁波,宁波海王星辰健康药房有限公司新大店,新碶新大路283-285号
宁波,宁波海王星辰健康药房有限公司柴桥店,北仑柴桥薪桥北路399、401、403、405号
宁波,宁波海王星辰健康药房有限公司黄山豪庭店,北仑区新碶岷山路610号1幢610号
宁波,宁波四明大药房有限责任公司新大连锁店,北仑区新碶新大路366号、368号、370号
宁波,宁波四明大药房有限责任公司大碶连锁店,宁波市北仑区（大碶）坝头路548、550号
宁波,宁波四明大药房有限责任公司北仑药城分公司,宁波市北仑区新碶街道新大路曼哈顿商业广场A座壹楼109号
宁波,宁波四明大药房有限责任公司新碶连锁店,宁波市北仑区新碶街道横河路515、517号
宁波,浙江友禾大药房有限公司霞浦分店,宁波市北仑区霞浦街道霞浦中路163号
宁波,浙江友禾大药房有限公司新大路分店,宁波市北仑区大碶新大路1491号42幢1491号、1493号42幢1493号、1495号42幢1495号
宁波,浙江友禾大药房有限公司小港分店,北仑区戚家山东海路32-3号1幢121、122室
宁波,浙江友禾大药房有限公司格林分店,宁波市北仑区柴桥薪桥南路8号
宁波,浙江友禾大药房有限公司第三十二分店,宁波市北仑区戚家山环山路6-3C号1幢6-3C号
宁波,浙江友禾大药房有限公司恒山店,北仑区新碶街道恒山路106、108号
宁波,浙江友禾大药房有限公司泰东河路店,宁波市北仑区新碶街道泰东河路79号5幢79号、81号5幢81号
宁波,浙江友禾大药房有限公司东河店,宁波市北仑区新碶街道东河路691、693号店面
宁波,浙江友禾大药房有限公司第三十一分店,宁波市北仑区小港街道渡口南路145号1幢145号
宁波,浙江友禾大药房有限公司第三十分店,北仑区新碶街道庐山东路1079号、1081号
宁波,浙江友禾大药房有限公司坝头路分店,浙江省宁波市北仑区大碶街道坝头路473号一层-2、475号一层-2、477号一层-2、479号一层-2
宁波,浙江友禾大药房有限公司江南路店,宁波市北仑区小港江南东路482号
宁波,浙江友禾大药房有限公司宁波北仑横河路店,宁波市北仑区新碶横河路824号、826号
宁波,浙江友禾大药房有限公司北仑春晓分店,宁波市北仑区春晓街道观海路211号6幢1号60-7
宁波,浙江友禾大药房有限公司柴桥分店,宁波市北仑区柴桥街道薪桥北路148、150号
宁波,浙江友禾大药房有限公司新恒店,浙江省宁波市北仑区新碶新大路260号1幢260号、260-1号1幢260-1号
宁波,浙江友禾大药房有限公司红联店,浙江省宁波市北仑区小港渡口路128号5幢（1）-1
宁波,浙江友禾大药房有限公司第二十八分店,宁波市北仑区新碶西街4-8号中间两间
宁波,上海益丰大药房连锁有限公司宁波新大路店,宁波市北仑区新大路396号1-2层、398号1-2层
宁波,上海益丰大药房连锁有限公司宁波嵩山路店,宁波市北仑区嵩山路646#1-2层门面
宁波,宁波北仑九峰山大药房药品有限责任公司,宁波市北仑区（霞浦）九峰小区6号楼
宁波,宁波北仑九峰山大药房药品有限责任公司陈华放心人药房,宁波市北仑区新碶街道宝山路133号（中央风景大厦）B幢133号
宁波,宁波市北仑区梅山梅西九峰山大药房,北仑区新碶泰东河路157、159号
宁波,宁波市北仑区春晓九峰山大药房,北仑区春晓镇三山村合宅下宅甲195号
宁波,宁波市北仑区大碶清水九峰山大药房,宁波市保税区庐山西路158号第一幢1层1-112号
宁波,宁波市北仑区大碶清水九峰山大药房陈华店,宁波市北仑区霞浦街道书院村陈华车站旁
宁波,宁波市北仑区大碶邬隘桥头九峰山大药房,宁波市北仑区大碶街道邬隘116-4号
宁波,宁波市北仑区大碶西河塘九峰山大药房,宁波市北仑区大碶街道邬隘村大成门口4-5号(一层)
宁波,宁波市北仑区大碶倪家弄九峰山大药房,浙江省宁波市北仑区大碶街道清水菜场31、32、33号
宁波,宁波市北仑区滨海九峰山大药房,宁波市北仑区春晓街道寻海路62号3幢1号5、6间
宁波,宁波市北仑区新碶君康大药房,宁波市北仑区新碶街道凤洋二路155-157号
宁波,宁波市北仑区新碶君康大药房东河店,宁波市北仑区新碶东河路677号、679号
宁波,宁波市北仑区新碶君康大药房小港分店,北仑区戚家山街道桥东街20号-3
宁波,宁波市北仑区新碶君康大药房明州路店,浙江省宁波市北仑区戚家山街道直街72号1幢2-1号74号1幢5号
宁波,宁波市北仑区新碶君康大药房芙蓉家园店,宁波市北仑区新碶街道明州路834号
宁波,宁波市北仑区新碶君康大药房九峰店,宁波市北仑区霞浦街道九峰西路60、62号
宁波,宁波市北仑区新碶君康大药房霞浦店,宁波市北仑区霞浦街道霞西村霞浦路30号
宁波,宁波市北仑区新碶君康大药房沿海店,宁波市北仑区新碶街道五台山路285、287号
宁波,宁波市北仑区小港甬君大药房,宁波市北仑区小港街道振兴东路14号、16号、18号
宁波,宁波华夏康泰药品零售有限公司,浙江省宁波市北仑区新碶街道恒山路218号-222号店面（双号）
宁波,宁波华夏康泰药品零售有限公司北仑横河路店,宁波市北仑区新碶横河路87弄103-1、103-2号
宁波,宁波市北仑区康泽药业有限公司,宁波市北仑区大碶人民南路61号 
宁波,宁波市北仑区康泽药业有限公司文化宫店,北仑大碶人民北路8号
宁波,宁波市北仑区康泽药业有限公司高凤路分公司,北仑区新碶街道高凤路477号31幢477号
宁波,宁波市北仑区康泽药业有限公司新华园店,宁波市北仑区大碶街道坝头路81号21幢81号
宁波,宁波市北仑区康泽药业有限公司坝头路店,大碶街道鸿顺家园高田王街56号
宁波,宁波市北仑区残联荣仁堂大药房（普通合伙）,宁波市北仑区新碶东河塘路22号
宁波,宁波市鄞州一源药房（普通合伙）戚家山店,宁波市北仑区新碶街道凤洋一路52号1幢52号-3
宁波,宁波市北仑区大碶泉康大药房（普通合伙）,宁波市北仑区大碶街道王隘193号
宁波,宁波市北仑区丰乐大药房有限公司,宁波市北仑区新碶凤洋一路868、870、872号一层
宁波,宁波市北仑区万泽大药房,浙江省宁波市北仑区新碶街道凤洋一路48号8幢（1-2）号
宁波,宁波市北仑区程功百姓药品零售有限公司竺山大药房,宁波市北仑小港街道红联渡口路337巷2、4号
宁波,宁波市北仑区程功百姓药品零售有限公司红联大药房,宁波市北仑区小港街道红联振兴西路12幢101室
宁波,宁波市北仑区程功百姓药品零售有限公司,宁波市北仑区小港街道衙前村村委店面房1-2号
宁波,宁波市北仑区程功百姓药品零售有限公司山下大药房,宁波市北仑区小港街道山下村郭家119号
宁波,宁波市北仑区程功百姓药品零售有限公司衙前大药房,宁波市北仑区小港街道振兴西路206号1幢206号
宁波,宁波市北仑区新碶康诚大药房,宁波市北仑区新碶街道华山路298号
宁波,宁波市北仑区新碶康诚大药房人民路分店,北仑区大碶人民南路141号12幢141号
宁波,宁波市北仑区新矸东和大药房,宁波市北仑区新矸街道东河路557号
宁波,宁波市北仑新城大药房柴桥分店,宁波市北仑区柴桥镇薪桥北路338-342号
宁波,宁波市北仑新城大药房,宁波市北仑区新碶街道新大路432号434号1幢432号434号
宁波,宁波市鄞州家家乐药房邬隘分店,浙江省宁波市北仑区大碶街道邬隘村230号
宁波,宁波市鄞州家家乐药房岷山路店,浙江省宁波保税区庐山西路158号1幢1-103号
宁波,宁波市鄞州家家乐药房坝头路分店,宁波市北仑区大碶坝头西路213号
宁波,宁波市鄞州家家乐药房大树分店,宁波市北仑区新碶街道天目山路146、148号
宁波,宁波市鄞州家家乐药房新大路分店,北仑区新碶街道五台山230、232号
宁波,宁波市北仑区小港万德大药房（普通合伙）,宁波市北仑区小港街道纬四路73号1幢73号、75号1幢75号
宁波,宁波市北仑区小港万德大药房（普通合伙）丹桂店,宁波市北仑区新碶红枫路21号8幢21号
宁波,宁波市北仑区小港万德大药房（普通合伙）格圆店,宁波市北仑区新碶街道岷山路251号34幢251号
宁波,宁波市北仑区小港万德大药房（普通合伙）妙林店,宁波市北仑区新碶街道妙林新苑001-05号
宁波,宁波市北仑区柴桥同安大药房（普通合伙）,宁波市北仑区新碶街道妙林新苑1号
宁波,宁波市北仑区万兴堂大药房（普通合伙）,宁波市北仑区大碶沿山河南路296-甲号、296-乙号、292号
宁波,宁波市北仑区大碶平易中西药大药房（普通合伙）,宁波市北仑区大碶街道镇大路140、142号、144号
宁波,宁波市北仑区万兴大药房有限公司,北仑区柴桥街道老街南路86号-2、86号-3
宁波,宁波市北仑区大碶天和大药房,宁波市北仑区大碶学苑东路43、45、47号
宁波,宁波市北仑区大碶天和大药房烟墩店,宁波市北仑区大碶学苑南路120号1幢120号、122号1幢122号
宁波,宁波市北仑区大碶甬和大药房,宁波市北仑区大碶街道先锋村沿山公路旁999-18号
宁波,宁波市北仑区友谊大药房有限公司,宁波市北仑区新碶街道横河路148号、150号
宁波,宁波市北仑区友谊大药房有限公司鸿翔锦苑分店,宁波市北仑区新碶庐山东路601、603号
宁波,宁波市北仑区友谊大药房有限公司新向公寓分店,北仑区霞浦街道霞浦中路193号9栋2-4号
宁波,宁波市北仑区新碶甬康药店,宁波市北仑区新碶街道通泰路175、177号
宁波,宁波市北仑区金桥大药房零售有限公司,宁波市北仑区柴桥街道薪桥北路366号-368号
宁波,宁波市北仑区金桥大药房零售有限公司新模店,北仑区小港街道新模村墓孝陈42号
宁波,宁波老百姓大药房有限公司,宁波市北仑区新碶东河路538号1幢538号一层
宁波,宁波老百姓大药房有限公司大碶店,宁波市北仑区大碶街道人民南路326-332号
宁波,宁波老百姓大药房有限公司嵩山店,宁波市北仑区新碶街道嵩山路616、618、620号
宁波,宁波老百姓大药房有限公司白峰店,宁波市北仑区大碶学苑东路23号4幢23号、25号4幢25号、27号4幢27号一层
宁波,宁波老百姓大药房有限公司永诚店,宁波市北仑区新碶街道贝碶村福泉路81号-2
宁波,宁波市北仑区黄金海岸怡康大药房,宁波市北仑区新碶街道高塘街103号
宁波,宁波市北仑区大碶石湫药店明州分店,宁波市北仑区峨眉山路188号-8.9
宁波,宁波市北仑区大碶石湫药店,宁波市北仑区小港街道联合路303号-305号
宁波,宁波市北仑区大碶石湫药店山前分店,北仑区霞浦街道盛霞路38号
宁波,宁波市北仑区大碶石湫药店湖塘分店,宁波市北仑区大碶湖塘菜场17号A幢17号、18号A幢18号
宁波,宁波北仑平安百姓大药房有限公司,宁波市北仑区横河路629、631、635号（一楼）
宁波,宁波北仑平安百姓大药房有限公司新向分店,北仑区新碶街道华山路10号101-4
宁波,宁波北仑平安百姓大药房有限公司国贸分店,宁波市北仑区大碶街道沿山河南路176-乙号5176-乙、178号5178一层
宁波,宁波北仑平安百姓大药房有限公司灵峰分店,浙江省宁波市北仑区大碶街道石湫村402号
宁波,宁波北仑家家好药品零售有限公司,宁波市北仑区新碶嵩山路928-932号
宁波,宁波北仑家家好药品零售有限公司黄山豪庭分店,宁波北仑新碶街道体育馆路26号
宁波,宁波市北仑区新碶华馨家家好大药房,宁波市北仑区新碶街道明州路817号、819号2幢817号、819号
宁波,宁波经济技术开发区明和大药房,宁波市北仑区戚家山街道蔚斗新村2-18号
宁波,宁波经济技术开发区明和大药房山下分店,浙江省宁波市北仑区大碶街道镇大路229、231、233号
宁波,宁波市北仑区小港万民大药房,宁波市北仑区小港渡口南路177巷48-50号
宁波,宁波市北仑区小港万民大药房高塘分店,浙江省宁波市北仑区梅山美的大道259-1
宁波,宁波经济技术开发区广福大药房有限公司,宁波市北仑区新碶街道永丰村永傅路67-69号
宁波,宁波经济技术开发区广福大药房有限公司明州路店,宁波市北仑区新碶街道明州路811号、813号
宁波,宁波市北仑区新碶隆康大药房同树路店,宁波市北仑区新碶街道同树路87号（大同商业广场）4幢87号
宁波,宁波市北仑区新碶隆康大药房,宁波市北仑区新碶街道高塘村（老车站旁）
宁波,宁波市北仑区霞浦顺丰大药房柴桥薪桥分店,宁波市北仑区柴桥薪桥南路141、143号一层
宁波,宁波市北仑区霞浦顺丰大药房,宁波市北仑区新碶街道富邦世纪商业广场A2区渭河路43号2幢渭河路43号-1
宁波,宁波市北仑区新碶康泰药店,北仑区新碶街道高凤路620-624号（双号）
宁波,宁波市北仑区新碶康泰药店嵩山分店,宁波市北仑区（新碶）嵩山路895-897号
宁波,宁海佰药之家大药房北仑霞浦分店,宁波市北仑区霞浦街道霞浦中路2号-2
宁波,宁海佰药之家大药房北仑新碶分店,宁波市北仑区新碶街道福泉路30号
宁波,宁波市北仑区大碶养怡堂大药房,宁波市北仑区大碶学苑东路96、98号
宁波,宁波市北仑区大碶养怡堂大药房学苑店,宁波市北仑区大碶新大路1536号
宁波,宁波北仑霞浦为民大药房有限公司九凤分公司,宁波市北仑区九峰北路1-5号
宁波,宁波北仑霞浦为民大药房有限公司,宁波市北仑区霞浦街道霞浦中路138号、140号
宁波,宁波市北仑区新碶友峰大药房有限公司,宁波市北仑区新碶街道算山村虞袁268号
宁波,宁波市北仑区新碶友峰大药房有限公司沿海店,宁波市北仑区新碶街道沿海村出租房28幢101室店面房
宁波,宁波市北仑区新碶友康大药房,宁波市北仑区霞浦九峰北路13、15号
宁波,宁波市北仑区新碶友康大药房永丰店,宁波市北仑区新碶街道武夷山路35号（23-24#）
宁波,宁波市北仑区新碶友康大药房陈华浦店,宁波市北仑区霞浦街道上付北路陈华浦菜场营外3-4号
宁波,宁波市北仑区新碶友康大药房荣安店,宁波市北仑区大碶街道茅洋山路62号13幢62号
宁波,宁波市北仑区大矸康健民药店戚家山分店,宁波市北仑区戚家山桥东街51-66号1幢51-66号
宁波,宁波市北仑区大矸康健民药店,宁波市北仑区新碶街道新大路917-919号
宁波,宁波市北仑区新碶凤洋药店（普通合伙）,宁波市北仑区新碶街道凤洋二路534-536号
宁波,宁波市北仑新碶百润堂大药房,宁波市北仑区（新碶）凤洋二路517-519号
宁波,宁波市北仑区三味大药房（普通合伙）,宁波市北仑区小港街道新建村
宁波,宁波市北仑区小港天盛大药房,宁波市北仑区戚家山街道蔚斗新村2-1号
宁波,宁波市北仑区小港华美药房（普通合伙）,北仑区小港街道衙前街31-32号
宁波,宁波市北仑区小港健兴药店,北仑区小港街道五盟村
宁波,宁波市北仑区小港绿和大药房,宁波市北仑区小港街道下邵营业房3#、4#店面
宁波,宁波市北仑区小港康仁大药房,宁波市北仑区小港街道下倪桥村农贸市场16—17号
宁波,宁波市北仑区药源大药房有限公司,北仑区白峰镇凤山路62号东起4-5间
宁波,宁波市北仑区清风中西大药房有限公司,宁波市北仑区新碶街道沿海出租房25幢1-3室
宁波,宁波市北仑区大矸惠康大药房,宁波市北仑区大碶街道镇大路26、28号
宁波,宁波市北仑区大碶惠仁药店,北仑区大碶街道镇兴路47-2号
宁波,宁波市北仑区白峰东城大药房,北仑区白峰镇郭巨兴巨路132号
宁波,宁波市北仑区寿源康大药房有限公司,宁波市北仑区新碶街道明州路1067号
宁波,宁波市北仑区益宁大药房有限公司,宁波市北仑区新碶街道同树路166号
宁波,宁波市北仑区安康无忧药品零售有限公司,浙江省宁波市北仑区春晓街道听海路668号6幢1号第一层从东向西（9-1）店面
宁波,宁波市北仑区新碶兴康药房,宁波市北仑区新碶街道武夷山路35号11-12号
宁波,宁波市北仑区大矸塘湾药店,宁波市北仑区大矸街道人民北路80、82号
宁波,宁波北仑汝宁大药房,北仑区小港街道山下村经四路288号第三间
宁波,宁波市北仑区白峰老百姓大药房,宁波市北仑区白峰峰城路173号1幢173号，175号1幢175号
宁波,宁波市镇海益参堂大药房北仑区小港分店,宁波市北仑区戚家山街道联合区域环山路10-7号
宁波,宁波市北仑区柴桥全吉药店,宁波市北仑区柴桥薪桥南路3号
宁波,宁波市北仑区新碶永熙堂大药房,北仑区新碶岷山路912号9幢912号-914号9幢914号
宁波,宁波市经济技术开发区正盛药品零售有限公司,宁波市北仑区梅山乡梅中村邮电大楼对面东起第5、6、7间
宁波,宁波市北仑区小港立好医药零售有限公司,宁波市北仑区小港红联振港路228、230号
宁波,宁波市北仑区新碶美康大药房（普通合伙）,宁波市北仑区新碶街道明州路983-985号
宁波,宁波市北仑区保昌大药房有限公司,北仑区新碶街道华山路30号、32号
宁波,宁波市北仑区大碶慧安大药房,宁波市北仑区大碶街道湖塘菜场13-15号
宁波,宁波经济技术开发区康满多药房,宁波市北仑区戚家山街道直街46号
宁波,宁波北仑心居大药房有限公司,宁波市北仑区大碶街道坝头西路48号
宁波,宁波市北仑区春晓洋沙山药房,宁波市北仑区春晓镇三山街32号6幢32号
宁波,宁波市北仑渡康人生大药房有限公司,宁波市北仑区春晓街道听海路668号7幢1号第一层1-4
宁波,宁波市北仑区大碶锦琦大药房（普通合伙）,宁波北仑大碶坝头东路438号37幢438号440号37幢440号
宁波,宁波市北仑幸福一家人大药房有限公司,北仑区小港渡口路15.15-17.17-1号1幢15.15-1.17.17-1号
宁波,宁波市北仑区霞浦杏林大药房,北仑九峰西路116-118号
宁波,宁波市北仑区小港宏斌药店（普通合伙）,宁波市北仑区小港新模村墓孝陈75号
宁波,宁波市北仑区新碶华欣大药房,宁波市北仑区新碶街道高塘综合市场楼173-10-11号
宁波,宁波市北仑区新碶民健大药房,宁波市北仑区（新碶）福泉路16号
宁波,宁波市北仑区福安堂大药房,宁波市北仑区新碶新大路292、294号
宁波,宁波市北仑区大碶伊家康大药房,北仑区大碶街道龙角山路100号11幢100号、102号11幢102号
宁波,宁波市北仑区小港仁福堂大药房,宁波市北仑区（小港）泰山境苑1-21至1-24号店面
宁波,宁波市北仑区柴桥天一堂大药房,宁波市北仑区柴桥四村堍里路73号
宁波,宁波市北仑区柴桥阳光药店,宁波市北仑区柴桥街道后所城南A273号
宁波,宁波市镇海君诚大药房小港药房,宁波市北仑区小港街道峡江小区山清轩长山路12-1号
宁波,宁波市北仑区霞浦宁泰大药房,北仑区霞浦街道丁山路31号1幢31号、33号1幢33号
宁波,宁波北仑惠泽大药房有限公司,宁波市北仑区小港街道红联泰山锦苑店31、33号店
宁波,宁波市北仑区大碶福民大药房,宁波市北仑区大碶街道前宋村贺家5号2幢（1）号
宁波,宁波市北仑区大碶可依药房,宁波市北仑区大碶街道石湫村288-3-4号
宁波,宁波市北仑区金玉堂大药房有限公司,宁波市北仑区柴桥聚富路18弄1号2幢1号18弄3号2幢3号18弄5号2幢5号
宁波,宁波市北仑区小港雨虹大药房,宁波市北仑区小港街道红联季景路212-214号
宁波,宁波市北仑区福悦堂药房有限公司,北仑区小港街道孔墅村胡家塔212-1号
宁波,宁波市北仑区医心康大药房有限公司,宁波市北仑区大碶街道人民北路500号4幢500号、502号4幢502号
宁波,宁波市北仑区大碶贤才大药房,宁波市北仑区大碶街道王隘村182-1号
宁波,宁波市北仑区春晓百杏大药房,宁波市北仑区春晓街道观海路275-35号（世贸海滨花园）2幢275-35号
宁波,宁波市北仑区大碶人人好大药房,北仑区大碶街道西岙山村城门新村南86号
宁波,宁波市北仑区春晓盛誉医药有限公司,宁波市北仑区春晓镇洋沙山88-2号
宁波,宁波市北仑区大碶宝康大药房,北仑区大碶街道前宋村1号
宁波,宁波市北仑区新碶高塘开心大药房（普通合伙）,宁波市北仑区高塘街144号
宁波,宁波市北仑区新碶世纪家园药房,宁波市北仑区新碶高凤路511-513号
宁波,宁波市北仑区小港天诚大药房,宁波市北仑区小港街道红联渡口南路177巷99-101号
宁波,宁波市北仑区新碶和华堂医药有限公司,宁波市北仑区新碶街道高塘村高塘街100-6、100-7号
宁波,宁波北仑悬济大药房有限公司,北仑区大碶茅洋山路500号6幢1号楼1层第17-18间
宁波,宁波市北仑区甬兴大药房有限公司,宁波市北仑区春晓街道观海路275-12号
宁波,宁波市北仑区春晓三山大药房,宁波市北仑区春晓镇三山村（三山汽车站）
宁波,宁波市北仑区柴桥一心堂大药房,宁波市北仑区柴桥街道薪桥南路100号、102号
宁波,宁波市北仑泰山堂医药零售有限公司,宁波市北仑区（小港）桥东街5号
宁波,宁波市北仑区大碶慈济大药房,宁波市北仑区大碶街道塔峙菜场A-1、A-2号
宁波,宁波市北仑区新碶仁和大药房,宁波市北仑区新碶新建路117号
宁波,宁波市北仑区新碶美天药房,宁波市北仑区新碶街道庐山东路1110号
宁波,宁波市北仑区新碶友友大药房,宁波市北仑区新碶街道黄浦江路118.120号
宁波,宁波市北仑区恒大药房,宁波市北仑区东河塘路135号、137号
宁波,宁波市镇海胜利药店北仑区快乐药房,宁波市北仑区高塘街5号第一层东边四间
宁波,宁波市北仑康和大药房,宁波市北仑区新碶街道高塘新二街店面房18-19号
宁波,宁波市北仑区小港华仁大药房,浙江省宁波市北仑区新碶街道高塘村高塘街35号
宁波,宁波市北仑区新碶宇浩大药房,宁波市北仑区新碶街道永丰村永傅路40号-2-3号
宁波,宁波市北仑区新碶港城大药房,宁波市北仑区（新碶）新大路47-1号
宁波,宁波市北仑区新碶华康药房,宁波市北仑区新碶街道凤洋二路448-450号
宁波,宁波市北仑区新碶医药零售有限公司,宁波市北仑区（新碶）西街10号
宁波,宁波市北仑区小港怡悦大药房,宁波市北仑区小港街道渡口南路177巷5号、7号
宁波,宁波市北仑区小港清尹药店,宁波市北仑区小港经一路125、127号
宁波,宁波市北仑区柴桥养正堂药店万景山分店,宁波市北仑区柴桥街道万景山路51号、53号、55号B幢51、53、55号
宁波,宁波市北仑区小港民众药店（普通合伙）,宁波市北仑区小港街道衙前村九房61号
宁波,宁波市北仑区霞浦百草药店（普通合伙）,宁波市北仑区新碶街道泰东河路121号、123号
宁波,宁波市北仑区大碶惠鑫大药房,宁波市北仑区大碶街道宁穿路178号.180号.182号
宁波,宁波市北仑区小港寿仙堂大药房,北仑区小港街道红联振兴东路2幢102、103、104
宁波,宁波市北仑区子悦医药零售有限公司,宁波市北仑区小港街道红联振兴东路201、203号
宁波,宁波市北仑甬心堂大药房有限公司,宁波市北仑区小港街道前进路266、270号1幢266、270号
宁波,宁波市北仑区白峰东部大药房,北仑区白峰镇峰城路147号
宁波,宁波市北仑区甬新大药房有限公司,浙江省宁波市北仑区大碶街道高田王街293号、295号
宁波,宁波市北仑区万兴大药房有限公司湖塘店,浙江省宁波市北仑区大碶街道沿山河南路140号、142号 
宁波,宁波市北仑区万心大药房有限公司,浙江省宁波市北仑区大碶街道甬江南路58号3幢01室（6、7#门面）
宁波,宁波市北仑区百灵大药房有限公司,浙江省宁波市北仑区新碶街道富春江路232号（大同商业广场）8幢232号
宁波,宁波市北仑区慷择德良剂大药房有限公司,浙江省宁波市北仑区大碶街道人民北路380、382号
宁波,宁波市北仑区新碶康诚大药房宝山路分店,浙江省宁波市北仑区新碶街道宝山路380号、382号
宁波,宁波市北仑区新碶益兴大药房,浙江省宁波市北仑区新碶街道凤洋二路617-619号一层
宁波,宁波北仑家家好药品零售有限公司云台山路分店,浙江省宁波市北仑区霞浦街道云台山路1180号
宁波,宁波市北仑区仁安大药房有限公司,浙江省宁波市北仑区梅山街道梅西村霞岸塘里36号西边第1、2、3间
宁波,宁波市北仑区惠誉大药房有限公司,浙江省宁波市北仑区大碶街道灵峰路19号，21号24幢21号，19号
宁波,浙江友禾大药房有限公司北仑春晓二店,浙江省宁波市北仑区春晓街道听海路668号7幢1号第一层（1-2）
宁波,宁波市北仑区大碶慧安大药房清水分店,宁波市北仑区大碶街道清水菜场14、15、16号
宁波,宁波北仑海润大药房有限公司,宁波市北仑区戚家山街道公园路38-3号1幢38-3号一层
宁波,宁波市北仑区新碶康泰药店恒山分店,浙江省宁波市北仑区新碶街道恒山路1528号浙江吉润汽车有限公司生活区员工之家一楼东侧
宁波,宁波市北仑区春晓洋沙山药房明月路店,浙江省宁波市北仑区春晓街道明月路761号（龙湖滟澜海岸）118幢761号
宁波,宁波市北仑区宏泰大药房, 浙江省宁波市北仑区新碶街道备碶村东塘外102号
宁波,宁波市北仑新城大药房心诚分店,浙江省宁波市北仑区柴桥街道薪桥南路159、161号
宁波,宁波市北仑区大碶永春堂大药房,浙江省宁波市北仑区大碶街道徐洋3路15-6号
宁波,宁波市北仑区益康大药房,浙江省宁波市北仑区柴桥街道柴卫路13号、15号、11号
宁波,宁波彩虹大药房有限公司北仑柴桥连锁店,浙江省宁波市北仑区柴桥镇薪桥北路442、446、448号
宁波,宁波市北仑区柴桥精诚大药房,宁波市北仑区柴桥街道薪桥北路1号
宁波,宁波高新区好人家大药房,宁波市高新区梅墟街道梅墟路457号67幢
宁波,宁波彩虹大药房有限公司玉兰路连锁店,宁波市高新区玉兰路29号1-11 2-10
宁波,宁波彩虹大药房有限公司公园里连锁店,宁波高新区沧海明珠苑明新路170号1-7
宁波,宁波市鄞州恒吉医药有限公司梅墟分公司,宁波高新区梅景路734号
宁波,宁波甬药江南大药房有限公司高新区河清北路连锁店,宁波高新区河清北路1188号25幢1-10
宁波,宁波彩虹大药房有限公司梅江东苑连锁店,宁波高新区梅景路718号
宁波,宁波彩虹大药房有限公司梅江南苑连锁店,宁波高新区梅景路578-2号
宁波,宁波彩虹大药房有限公司梅龙新村连锁店,宁波高新区梅墟工业园梅龙新村6#楼107室
宁波,宁波利东大药房有限公司,宁波高新区玉兰路7号1-5，2-5
宁波,宁波红景天健康药房有限公司,宁波高新区文智路228号1-9
宁波,宁波陈济东部惠民大药房有限公司,浙江省宁波市玉兰路1-10，2-9
宁波,宁波高新区东部益信药房有限公司,宁波高新区玉兰路17号1-8
宁波,宁波新材料科技城天天阳光大药房,宁波新材料科技城贵驷街道贵安路8号-4
宁波,宁波四明大药房有限责任公司孔浦连锁店,宁波市江北区大庆北路178号
宁波,宁波四明大药房有限责任公司新亚连锁店,宁波市江北区永丰北路185、187、189号
宁波,宁波四明大药房有限责任公司慈城连锁店,宁波市江北慈城镇解放路129号
宁波,宁波四明大药房有限责任公司庄桥连锁店,宁波市江北区庄桥大街49号
宁波,宁波四明大药房有限责任公司西草马路连锁店,宁波市江北区西草马路45号
宁波,宁波四明大药房有限责任公司洪塘连锁店,宁波市江北区洪都路262号
宁波,宁波江北国泰中西大药房（普通合伙）,宁波市江北区北郊路131号
宁波,宁波江北仁爱堂大药房,宁波市江北区洪塘街道洪都路109、111号
宁波,宁波江北欣乐大药房,宁波市江北区环城北路东段725弄101-103号
宁波,宁波市镇海天天好大药房江北华业店,宁波市江北区华业街30-1号
宁波,宁波江北德信堂大药房有限公司,宁波市江北区洪塘中路65号
宁波,宁波江北世纪宏源药房,宁波市江北区洪都路301号
宁波,宁波彩虹大药房有限公司应嘉丽园连锁店,宁波市江北区庄桥铸锋路1850号
宁波,宁波市江北万和大药房有限公司,宁波市江北区槐树路102号
宁波,宁波市江北文教康诺药房,宁波市江北区范江岸路64号1幢
宁波,宁波江北甬九大药房有限公司,宁波市江北区榭嘉路619弄83、87、89号
宁波,宁波江北现代健康大药房,宁波市江北区洪塘中路179号
宁波,宁波江北天乙大药房,宁波市江北区洪塘宁沁路402号
宁波,宁波市江北区汇康大药房,宁波市江北区建业街190号
宁波,宁波市江北区汇康大药房日湖店,宁波市江北区人民路645弄23号
宁波,宁波市江北区中正大药店,宁波市江北区路林村
宁波,宁波市江北四季海和大药房有限公司,宁波市江北区丽江东路66号、68号
宁波,宁波市海和药房有限公司,宁波市江北区范江岸296、298号
宁波,宁波市江北正大方圆大药房,宁波市江北慈城镇解放路117号
宁波,宁波市江北养颐堂老百姓大药房,宁波市江北区慈城镇解放路52号
宁波,宁波海王星辰健康药房有限公司广厦怡庭店,宁波市江北区北海南路662、664号
宁波,宁波海王星辰健康药房有限公司庄桥店,宁波市江北区庄桥镇车站路2号
宁波,宁波海王星辰健康药房有限公司北岸琴森店,宁波市江北区清湖路261号
宁波,宁波海王星辰健康药房有限公司江北长阳店,宁波市江北区洪塘街道长阳东路117号
宁波,宁波海王星辰健康药房有限公司亲亲家园店,宁波市江北区长兴东路450号004幢（1-6）
宁波,宁波市江北区益沐堂医药零售有限公司洪塘店,宁波市江北区洪塘通惠路2、6号，洪塘中路313号24幢1-1、G-1
宁波,宁波市江北区益沐堂医药零售有限公司,宁波市江北区宁沁路318号（临）
宁波,宁波市江北君悦药品零售有限公司,宁波市江北区洪塘街道赵家村
宁波,宁波益保大药房有限公司,宁波市江北区人民路272号3幢1-1
宁波,宁波美德信药房有限公司慈城弘仁堂,宁波市江北区慈城镇竺巷东路33-1号
宁波,宁波美德信药房有限公司榭嘉店,宁波市江北区北海南路666、668号
宁波,宁波美德信药房有限公司天合店,宁波市江北区天合家园27幢264号（1-5）
宁波,宁波美德信药房有限公司庄桥店,宁波市江北区庄桥公园路41号
宁波,宁波美德信药房有限公司慈城店,宁波市慈城镇水门下32号
宁波,宁波久苑大药房有限公司,宁波市江北区祥北路101号105号
宁波,宁波市江北洪塘健民药店,浙江省宁波市江北区洪塘南路（西）17号（1-9）、19号（1-8）
宁波,宁波市江北鸿堂大药房,宁波市江北区洪塘中路153-1号、中兴三路2号
宁波,宁波江北启星健康大药房有限公司,宁波市江北区洪塘南路（西）39-7号（1-3）、39-8号（1-4）
宁波,宁波市宁医永丰大药房有限公司,宁波市江北区永丰北路173弄27号
宁波,宁波市江北区康百信大药房,宁波市江北区甬江街道梅堰路535号7幢
宁波,宁波市江北仁远百姓大药房,宁波市甬江街道梅堰路509、511号
宁波,宁波市江北凯越大药房,江北区江北区下沈村
宁波,宁波市江北区永丰益民大药房有限公司,宁波市江北区永丰北路179-1，179-2，181号
宁波,宁波市镇海甬康百姓好大药房江北夏家店,江北区甬江街道夏家村联建房19号
宁波,宁波市鄞州美佳大药房江北店,宁波市江北区洪塘中路333号17幢1-3，2-3
宁波,宁波市鄞州美佳大药房江北正大店,宁波市江北区正大路6号1幢
宁波,宁波彩虹大药房有限公司榭嘉连锁店,宁波市江北区广厦怡庭北区17幢391号、北区90号
宁波,宁波彩虹大药房有限公司新马连锁店,宁波市江北区西草马路122号
宁波,宁波彩虹大药房有限公司双东坊连锁店,宁波市江北区翠柏路472、474号
宁波,宁波彩虹大药房有限公司长兴路连锁店,宁波市江北区长兴东路459号
宁波,宁波彩虹大药房有限公司北岸琴森连锁店,宁波市江北区大闸路138弄78号
宁波,宁波彩虹大药房有限公司祥北路连锁店,江北区祥北路61、63号（1-2）（1-3）
宁波,宁波江北百姓人家大药房,宁波市江北区环城北路东段706号
宁波,宁波市江北明州康泰大药房有限公司,宁波市江北区洪塘街道裘市村新街27号（原裘二村）
宁波,宁波华医堂大药房有限公司江北慈城店,宁波市江北区慈城镇解放路111号、111号<10>
宁波,宁波市江北香山堂百姓健康大药房有限公司,宁波市江北区中马路549号（1-13）-（1-15）
宁波,宁波市镇海区宝馨堂药店江北压赛店,宁波市江北区倪家堰路565号
宁波,宁波江北现代百姓大药房,宁波市江北区江北大道88号
宁波,宁波市镇海甬康百姓好大药房江北分店,浙江省宁波市江北区宁沁路506号1楼
宁波,宁波市江北区下沈大药房,宁波市江北区洪塘街道下沈村
宁波,宁波市江北庆春堂医药零售有限公司宁大分公司,宁波市江北区宁大东门公寓4号商铺
宁波,宁波市江北庆春堂医药零售有限公司,大学东门商贸区E-3、4、5号
宁波,宁波市四季康来医药有限公司江北甬江店,宁波市江北区双东路226号
宁波,宁波市四季康来医药有限公司江北畈里塘店,宁波市江北区甬江街道畈里塘村店面4号楼104室
宁波,宁波市鄞州横溪会佳大药房江北广厦店,宁波市江北区北海南路690号
宁波,宁波市江北湾头百姓药店,宁波市江北区大闸路138弄122号1-7
宁波,宁波市江北明证大药房,宁波市江北区慈城镇新城路4号（慈浦大桥北侧）
宁波,宁波市江北区庄桥德胜堂中西药零售有限公司,宁波市江北区庄桥街道庄桥街67号
宁波,宁波市江北健一康大药房有限公司,宁波市江北区慈城镇随园街47，49号315幢（1-1）（1-2）
宁波,宁波市江北同春堂药品零售有限公司,宁波市江北区（甬江）河东村农贸路3号
宁波,宁波市江北区君福堂大药房有限公司,宁波市江北区云津路109号1-5
宁波,宁波市江北福满堂大药房,宁波市江北区三水湾18号1-6-（3）号
宁波,宁波市江北慈城健康大药房,宁波市江北区慈城镇日新路46号11.12.13号
宁波,宁波市江北区皖颍丽庄大药房,宁波江北区庄桥街道丽庄路337号
宁波,宁波江北甬江聚仁堂大药房（普通合伙）,宁波市江北区新都路207号
宁波,宁波四明大药房有限责任公司回春堂连锁店,宁波市江北区人民路262号<1-13><1-14><1-15>
宁波,宁波四明大药房有限责任公司华业街连锁店,宁波市江北区华业街31号D-2、33号-1
宁波,宁波市鄞州美佳大药房江北甬江店,宁波市江北区甬江街道压赛村330#
宁波,宁波海王星辰健康药房有限公司洪塘店,浙江省宁波市江北区通惠路16号1-6、18号1-5
宁波,宁波海王星辰健康药房有限公司繁景店,宁波市江北区范江岸路132—1、134号
宁波,宁波海王星辰健康药房有限公司育才北院店,宁波市江北区范江岸50号（1-12），50-1号（1-11）
宁波,宁波市正源大药房有限公司江北连锁店,宁波市江北区育才路255号
宁波,宁波市江北区维多康大药房,宁波市江北区永和西路1672.1674号（1-8）
宁波,宁波市江北区君福堂大药房有限公司江北分店,江北区中官新路115号(1-6)
宁波,宁波市镇海区宝馨堂药店江北分店,江北区庄桥街道东邵村
宁波,宁波市江北安信大药房,宁波市江北区庄桥街道费市新街7号
宁波,宁波市江北区珍心大药房有限公司,宁波市江北区洪塘街道赵家村60号
宁波,宁波江北甬江聚仁堂大药房（普通合伙）天沁分店,宁波市江北区天沁家园28号
宁波,宁波高新区信仁堂医药有限公司江北分公司,宁波市江北长兴路478弄54号4幢1-4
宁波,宁波市江北联众安康药品零售有限公司,宁波市江北慈城镇慈湖人家339号
宁波,宁波市江北健一康大药房有限公司香树湾分店,宁波市江北区慈城镇胡坑基路12号1-4
宁波,宁波市江北平民百姓大药房有限公司,宁波市江北区慈城镇民生路73-1号
宁波,宁波江北左海大药房,宁波市江北区慈城镇日新路86号4幢102、103间
宁波,老百姓大药房连锁（浙江）有限公司宁波庄桥店,宁波市江北区庄桥街道庄桥大街59号（1-3），（1-4）
宁波,宁波市正源大药房有限公司夏家连锁店,宁波市江北区夏家98号
宁波,宁波江北协寿祥医药有限公司,宁波市江北区盛世嘉苑16号(1-5)(G-5)
宁波,宁波江北乐助药房,宁波市江北区姜湖路399弄105号
宁波,宁波海王星辰健康药房有限公司永红家园店,宁波市江北区双东路206号
宁波,宁波市江北百姓诚普医药零售有限公司,宁波市江北洪塘中路206号1-1
宁波,宁波市鄞州家家乐药房庄桥分店,宁波市江北区庄桥街道河东路20号-10
宁波,宁波四明大药房有限责任公司育才连锁店,宁波市江北区范江岸路66号1幢1-1
宁波,老百姓大药房连锁（浙江）有限公司宁波宝庆路店,宁波市江北区宝庆路228号
宁波,宁波市江北区费市大药房,宁波市江北区庄桥镇费市村严家
宁波,宁波江北鸿泽堂大药房有限公司,宁波市江北区宁沁路152号021幢1-7，G-3
宁波,宁波市江北海康海辰大药房有限公司,宁波市江北区畈里塘村菜市场旁
宁波,宁波彩虹大药房有限公司江北万达连锁店,宁波市江北区宝庆路123号、125号
宁波,宁波市江北杨娟药店,宁波市江北区（洪塘）裘市村新街
宁波,宁波市海曙寿鑫大药房有限公司慈城分公司,宁波市江北区塘家湾路293号
宁波,宁波海王星辰健康药房有限公司天合店,江北区天合家园20幢177号
宁波,宁波市镇海新兴海辰大药房有限公司江北分公司,宁波市江北区洪塘街道裘市村菜市场门口
宁波,宁波江北百家康鑫大药房有限公司,宁波市江北区人民路258号(1-10)(2-4)
宁波,宁波市江北平民百姓大药房有限公司慈城分店,浙江省宁波市江北区慈城镇随园街98弄1号
宁波,宁波江北现代百姓大药房天沁分店,宁波市江北区天沁路17号
宁波,宁波市江北康来乐大药房,慈城镇胡坑基路86弄6号1-3
宁波,宁波江北乐助药房洋墅名苑店,宁波市江北区长兴东路852号（1-3）（2-2）
宁波,宁波江北回春仁堂大药房有限公司,宁波市甬江街道夏家村97号
宁波,宁波海王星辰健康药房有限公司天水家园一店,宁波市江北区康庄南路56号(1-7号)
宁波,宁波慈水大药房有限公司,宁波市江北区丽泽街255号（临）
宁波,老百姓大药房连锁（浙江）有限公司宁波翠柏路店,宁波市江北区翠柏路444号、446号、448号
宁波,宁波桑夏大药房有限公司,浙江省宁波市江北区天沁路401、403号47幢G-6
宁波,宁波市镇海健民大药房,镇海区（招宝山）大西门路413-415号
宁波,宁波市镇海区知心大药房,镇海区蛟川街道丰收路37号
宁波,宁波市镇海永心药房,镇海区招宝山街道大西门路122号
宁波,宁波市镇海济生堂平民大药房,镇海区蟹浦镇汇源路79号，81号
宁波,宁波市镇海天天好大药房贵驷店,镇海区招宝山街道后大街商店住宅西楼1-1，1-2室
宁波,宁波市镇海天天好大药房,镇海区骆驼街道三五路368号1-3室，370号1-4室，372号1-5室
宁波,宁波市镇海益参堂大药房,镇海区招宝山街道后大街231-15号—231-20号
宁波,宁波市镇海益参堂大药房西门分店,镇海区招宝山街道顺隆路138号
宁波,宁波市镇海国益堂大药房有限公司,镇海区招宝山街道环城西路68号1-21室
宁波,宁波市镇海甬康百姓好大药房,镇海区庄市街道西陆路10号楼101－103室
宁波,宁波市镇海甬康百姓好大药房庙戴店,镇海区澥浦镇庙戴村（庙戴菜场对面）
宁波,宁波市镇海甬康百姓好大药房贵驷店,镇海区骆驼街道贵驷里洞桥村南岸
宁波,宁波市镇海龙成药品加盟店,镇海区蛟川街道渡驾路181号
宁波,宁波市镇海龙成药品加盟店中官店,镇海区蛟川街道东明路32-34号
宁波,宁波市镇海龙成骆驼药品有限公司,镇海区骆驼街道三五北路97号99号
宁波,宁波市镇海龙成药品加盟店澥浦店,镇海区澥浦镇兴源路25号25-9室
宁波,宁波市镇海龙成药品加盟店庄市店,镇海区庄市街道兆龙路664-666号
宁波,宁波市镇海龙成药品加盟店九园店,镇海区蛟川街道金九街46、48号
宁波,宁波市镇海骆驼平民大药房,镇海区骆驼街道碧水莲晴联勤路107号
宁波,宁波市镇海骆驼平民大药房新城店,镇海区骆驼街道三五路341号
宁波,宁波海王星辰健康药房有限公司贵驷店,宁波新材料科技城贵驷街道贵安路商住楼1-11、12号1-12
宁波,宁波海王星辰健康药房有限公司镇海西街店,镇海区招宝山街道鼓楼西路109-111号
宁波,宁波市镇海敬德药店,镇海区骆驼街道敬德村菜场东面
宁波,宁波市镇海万弓塘健康大药房,镇海区蛟川街道棉丰村万弓道路加贝超市旁
宁波,宁波镇海医药药材有限责任公司大生堂药店,镇海区(招宝山)古楼西路59、61、63号
宁波,宁波市镇海益寿堂平民大药房,镇海区骆驼街道贵驷路14号
宁波,宁波市镇海新兴海辰大药房有限公司,镇海区庄市街道西陆路165号-167号
宁波,宁波市镇海为民龙成药店,镇海区招宝山街道中河路151号
宁波,宁波市镇海区君寿堂药房,镇海区俞范新河里周路2号1幢
宁波,宁波市镇海甬城百信大药房有限公司,镇海区骆驼街道团桥菜场路北村委大门东边商业房西面三间
宁波,宁波市镇海鸿信药品零售有限公司,镇海区庄市街道陈倪路318-320号
宁波,宁波市镇海聚祥大药房,镇海区蛟川街道俞范菜场27-29号
宁波,宁波市镇海心语大药房有限公司,镇海区蛟川街道迎周村
宁波,宁波四明大药房有限责任公司庄市连锁店,镇海区庄市街道兆龙路779、781、783号
宁波,宁波四明大药房有限责任公司镇海连锁店,镇海区庄市街道庄市大道838号
宁波,宁波四明大药房有限责任公司新明连锁店,镇海区招宝山街道鼓楼西路72、74号1-9室
宁波,慈溪市百姓药品零售有限公司镇海骆驼店,镇海区澥浦镇觉渡村桥南4号（南起第1、2间）
宁波,宁波市骆驼供销合作社医药商店,镇海区骆驼街道东河港路50号
宁波,宁波市镇海万康大药房有限公司,镇海区蛟川街道陈家村施周陈210号
宁波,宁波市镇海平民医药有限公司,镇海区城河东路1幢14-19号
宁波,宁波市镇海鑫隆大药房,镇海区庄市街道聚兴路102号
宁波,宁波市镇海龙成药店有限公司合生连锁店,宁波市镇海区庄市街道逸夫路1111弄57号1-7、2-6室
宁波,宁波市海曙开心医药零售有限公司镇海澥浦分店,宁波市镇海区澥浦镇汇源路100号
宁波,宁波市镇海人人好大药房,宁波市镇海区九龙湖镇西经堂村（农贸市场内）
宁波,宁波市江北慈城健康大药房华丰星城店,宁波市镇海区骆驼街道华丰星城48幢骆兴西路312、314号
宁波,宁波市镇海诚普大药房,宁波市镇海区庄市街道祥裕路6号楼
宁波,宁波市镇海胜利药店,宁波市镇海区胜利路255-257号
宁波,宁波市镇海馨辰医药零售有限公司,宁波市镇海区骆驼街道盛兴路88号
宁波,宁波市镇海嘉事堂大药房湾塘店,宁波市镇海区蟹浦镇湾塘村菜场015-016号
宁波,宁波市镇海嘉事堂大药房长石分店,宁波市镇海区九龙湖镇长石粮站粮油供应综合用房（东7间、8间）
宁波,宁波市江北慈城健康大药房俞范店,宁波市镇海区蛟川街道迎周村临俞北路65号综合楼109室、110室
宁波,宁波市镇海庄市老街医药商店,宁波市镇海区庄市街道街河北路28号
宁波,宁波市镇海龙成药店有限公司南洪连锁店,宁波市镇海区蛟川街道南洪村洪南74号
宁波,宁波市镇海龙成药品有限公司临江连锁店,宁波市镇海区蛟川街道临江路21-23号
宁波,宁波市镇海万家兴医药零售有限公司,宁波市镇海区庄市街道兴庄路289-291号
宁波,宁波江北现代健康大药房庄市分店,宁波市镇海区庄市街道兴庄路494-496号
宁波,宁波市镇海康源大药房（普通合伙）,宁波市镇海区骆驼街道清水湖村田央新区156号
宁波,宁波市镇海心辰大药房,宁波市镇海区骆驼街道团桥村菜场北商住楼14、15号楼1层
宁波,宁波市镇海吉利大药房,宁波市镇海区蛟川街道渡驾桥村新建三产用房平房6号
宁波,宁波市镇海区宝馨堂药店,宁波市镇海区骆驼街道骆兴村邵家汇
宁波,宁波市镇海新兴海辰大药房有限公司骆驼分公司,宁波市镇海区骆驼街道骆兴西路515、517、519号
宁波,宁波市镇海知福中西大药房有限公司,宁波市镇海区蛟川街道金锚路507、509号1-15室
宁波,宁波市镇海新世纪大药房,宁波市镇海区骆驼街道盛兴路6号
宁波,浙江友禾大药房有限公司镇海后大街分店,宁波市镇海区招宝山街道三角地10号、12号
宁波,宁波市镇海龙成药品加盟店港道路店,宁波市镇海区蛟川街道五里牌港道路88号
宁波,宁波市镇海东正药品零售有限公司,宁波市镇海区蛟川街道东明路70-72号
宁波,宁波市镇海万弓塘健康大药房聪园路分店,宁波市镇海区招宝山街道聪园路279号店面1-48室
宁波,宁波市镇海美美大药房（普通合伙）,宁波市镇海区澥浦镇庙戴村
宁波,宁波市镇海益生康大药房,宁波市镇海区蛟川街道俞范东路772号3-4号
宁波,宁波美德信药房有限公司骆驼店,宁波市镇海区骆驼街道静远西路432号、436号
宁波,宁波市镇海檀鑫旺大药房有限公司,宁波市镇海区骆驼街道三五路118号
宁波,宁波市镇海春天大药房,宁波市镇海区招宝山街道后大街550号
宁波,宁波市镇海三江百姓大药房（普通合伙）,宁波市镇海区蛟川街道渡驾桥村渡驾商业楼13号、15号
宁波,宁波市镇海田顾药店,宁波市镇海区九龙湖镇田顾村
宁波,宁波市镇海平民医药有限公司后大街分公司,宁波市镇海区招宝山街道西长营弄278号
宁波,宁波市四季康来医药有限公司镇海炼化店,宁波市镇海区蛟川街道炼化市场东路5号
宁波,宁波海王星辰健康药房有限公司镇海茗园店,宁波市镇海区招宝山街道茗园路1号
宁波,宁波海王星辰健康药房有限公司庄市店,宁波市镇海区庄市街道兴庄路583、585号
宁波,宁波海王星辰健康药房有限公司镇海聪园店,宁波市镇海区招宝山街道聪园路298号
宁波,宁波海王星辰健康药房有限公司海尚广场分店,宁波市镇海区骆驼街道三五路华丰星城15幢405号、407号
宁波,宁波市镇海嘉事堂大药房,宁波市镇海区骆驼街道金华南路418号
宁波,宁波市镇海香河湾药店(普通合伙),宁波市镇海区蛟川街道大运北路241号1-4室
宁波,宁波市镇海龙成金诚药品加盟店,宁波市镇海区蛟川街道东生路118号
宁波,宁波市镇海庆鹤堂大药房有限公司,宁波市镇海区蟹浦镇庙戴村137号
宁波,宁波市四季康来医药有限公司贵驷店,宁波新材料科技城贵驷街道里洞桥村贵驷路530-2号
宁波,宁波市四季康来医药有限公司镇海蟹浦店,宁波市镇海区澥浦镇汇源市场南门东首两间店面
宁波,宁波市镇海延康大药房有限公司,宁波市镇海区蛟川街道顺泰路368号
宁波,宁波市镇海龙成骆驼药品有限公司龙骆店,宁波市镇海区九龙湖镇西经堂村菜场内
宁波,宁波市镇海知心堂惠民大药房有限公司,宁波市镇海区蛟川街道后施菜场路35、36、37号
宁波,宁波市镇海龙成药品加盟店十七房店,宁波市镇海区蟹浦镇十七房村
宁波,宁波市鄞州康旺大药房骆驼店,宁波市镇海区骆驼街道慈海南路310号
宁波,宁波市镇海龙成辉阳药品加盟店（普通合伙）,宁波市镇海区骆驼街道清水湖村农贸市场
宁波,宁波市镇海川华大药房有限公司,宁波市镇海区招宝山街道胜利东弄107号1-12、G-2室
宁波,宁波市镇海惠祥大药房有限公司,宁波市镇海区蛟川街道棉丰路506号1-21室
宁波,宁波市镇海鸿伟药品零售有限公司,宁波市镇海区蛟川街道水琚王村双池倪家3号楼2-3号
宁波,宁波市镇海龙成学健药品加盟店,宁波市镇海庄市宁波大学北区学生村二村10幢1楼（求是教育超市内）
宁波,宁波市江北慈城健康大药房勤勇店,宁波市镇海区庄市街道镇宁西路1028号
宁波,宁波市镇海益群大药房有限公司,宁波市镇海区招宝山街道庙前路二层
宁波,宁波市镇海鸿福大药房有限公司,宁波市镇海区蛟川街道炼化生活区沿河路镇海石化工业贸易有限责任公司服务站大楼
宁波,宁波市江北慈城健康大药房骆驼店,宁波市镇海区骆驼街道汶骆路559-561号
宁波,宁波市镇海爱德大药房有限公司,宁波市镇海区庄市街道清泉花园3幢清泉路545号1-9、10
宁波,宁波市镇海普济惠民药品零售有限公司,宁波市镇海区九龙湖镇长石村三星路703号、705号
宁波,宁波市镇海天天开心大药房有限公司,宁波市镇海区庄市街道光明村老鹰湾董家
宁波,宁波市镇海王森大药房有限公司,宁波市镇海区蛟川街道清水浦村渔基路96号
宁波,宁波市镇海益延药品零售有限公司,宁波市镇海区蛟川街道南洪村洪南159号
宁波,宁波镇海益安药品零售有限公司,宁波市镇海区蛟川街道陈家村庙后张菜场旁
宁波,宁波市镇海蛟川大药房有限公司,宁波市镇海区蛟川街道渡驾桥村商业楼23-25号
宁波,宁波市镇海蛟川大药房有限公司炼化店,宁波市镇海区蛟川街道沿河路8号
宁波,宁波市镇海华美星辰健康大药房有限公司,宁波市镇海区招宝山街道后大街384.386.388号
宁波,宁波市镇海长石自家人大药房,宁波市镇海区九龙湖镇长石菜场旁
宁波,宁波市镇海新城之星钟包大药房有限公司,宁波市镇海区庄市街道逸夫路1656号1-4、1658号1-3
宁波,宁波市镇海鸿善药品零售有限公司,宁波市镇海区骆驼街道金悦路108号
宁波,宁波市镇海康美信医药有限公司,宁波市镇海区骆驼街道慈海南路36弄47号
宁波,宁波市镇海万众康安医药零售有限公司,宁波市镇海区骆驼街道东开路150号
宁波,宁波市镇海云燕大药房有限公司,宁波市镇海区骆驼街道骆兴西路690号
宁波,宁波市镇海龙成药店有限公司古塘连锁店,宁波市镇海区蛟川街道古塘路142号
宁波,宁波市镇海骆兴晋康药房,宁波市镇海区骆驼街道敬德村菜场东店面房307-7号
宁波,宁波市海曙普仁大药房镇海店,宁波市镇海区骆驼街道骆兴村邵家汇路北（原老年活动中心旁）
宁波,宁波市镇海福济堂新城之星大药房有限公司,宁波市镇海区庄市街道勤勇村新邵118号
宁波,宁波市镇海百分百大药房有限公司,宁波市镇海区骆驼街道骆兴西路670号1-8室
宁波,宁波市镇海天天开心大药房有限公司锦绣曙光店,宁波市镇海区庄市街道陈倪路110号、112号
宁波,宁波市镇海龙成恒春药品加盟店,宁波市镇海区招宝山街道工农路27号
宁波,宁波市镇海区九龙湖华孚大药房,宁波市镇海区九龙湖镇下徐路51号1-6室
宁波,象山鹤浦一訫堂大药房庄市分店,宁波市镇海区庄市街道同心路32号1-15室
宁波,宁波望海大药房有限公司,宁波市镇海区骆驼街道骆兴西路680号1-1，2-1室，682号1-2，2-2室
宁波,宁波市镇海吾悦龙成药品加盟店,宁波市镇海区骆驼街道金华南路886号
宁波,宁波市镇海区福元药房,宁波市镇海区九龙湖镇滕山路42号（宁波恒大山水城32#）
宁波,宁波市镇海信诺康大药房有限公司,宁波市镇海区庄市街道万科城东郡一期第012幢1-05号第一层
宁波,宁波市镇海药要好大药房有限公司,宁波市镇海区骆驼街道永昌西路61号（新城核心区）
宁波,宁波市镇海佰草仟药大药房有限公司,宁波市镇海区庄市街道同心路116号1-2室
宁波,宁波市镇海延寿堂大药房,宁波市镇海区（蛟川）后施丰收路绿苑3号楼1-22、1-23
宁波,宁波彩虹大药房有限公司东钱湖连锁店,宁波东钱湖旅游度假区新街5号
宁波,宁波东钱湖旅游度假区百姓大药房,宁波东钱湖旅游度假区环湖北路384号
宁波,宁波一言堂医药有限公司,宁波东钱湖旅游度假区工业区（沙家垫）
宁波,宁波一言堂医药有限公司沙家垫分公司,宁波东钱湖旅游度假区新街1号
宁波,宁波东钱湖旅游度假区城市之星健康药房,宁波市东钱湖旅游度假区沙家垫村
宁波,宁波高新区信仁堂医药有限公司东钱湖分公司,宁波东钱湖旅游度假区安石路620/622号
宁波,宁波彩虹大药房有限公司东钱湖连锁二店,宁波东钱湖旅游度假区万金人家3幢12-6号
宁波,宁波东钱湖旅游度假区召和大药房,宁波东钱湖旅游度假区高钱生态村67幢水街30、32、34号
宁波,宁波东钱湖旅游度假区正源药品连锁店（普通合伙）,宁波东钱湖旅游度假区莫枝北路294号
宁波,宁波东钱湖旅游度假区康心医药零售有限公司,宁波东钱湖旅游度假区工业区（沙家垫）
宁波,宁波东钱湖旅游度假区种德堂城市之星药店,宁波市东钱湖旅游度假区新街
宁波,宁波东钱湖旅游度假区召和大药房紫金店,宁波东钱湖旅游度假区紫金北路258-17号1-2
宁波,宁波市高新区信仁堂医药有限公司莫高分公司,宁波东钱湖旅游度假区莫高路1号（1层-17-18）
宁波,宁波大榭开发区同济堂大药房,宁波大榭开发区祥龙商住楼2号楼103、104-1室
宁波,宁波北仑九峰山大药房药品有限责任公司大榭店,宁波大榭开发区东湖路60号2幢一层（1-1）（1-2）
宁波,宁波大榭开发区佰药之家大药房有限公司,宁波大榭开发区兴岛南路299＃、301＃、303＃、305＃商业房
宁波,宁波市四季康来医药有限公司甬上民生金海岸店,宁波大榭开发区榭南邻里中心2号楼商业房101号
宁波,宁波市四季康来医药有限公司甬上民生兴岛店,宁波大榭开发区兴岛南路307、309、311号
宁波,宁波市四季康来医药有限公司甬上民生邻里中心店,宁波大榭开发区榭南邻里中心4号楼1-9、1-10号
宁波,宁波大榭开发区百姓大药店,宁波大榭开发区榭西邻里中心商业房20＃
宁波,宁波大榭开发区百姓大药店王榭新村分店,宁波大榭开发区王榭新村2号楼1-19室、1-21室
宁波,宁波华夏康泰药品零售有限公司大榭店,宁波大榭开发区信民路63号
宁波,宁波市北仑区友禾大药房有限公司大榭分店,宁波市北仑区大榭开发区榭南邻里中心3号楼1-3号、1-4号
宁波,宁波市四季康来医药有限公司甬上民生海湾菜场店,宁波大榭开发区海城路271#商业房
宁波,宁波大榭开发区昕华大药房,宁波大榭开发区榭西邻里中心58、59号商业房
宁波,宁波市四季康来医药有限公司大榭店,宁波大榭开发区榭南邻里中心1#楼商业房107室
宁波,宁波大榭开发区沛民大药房,宁波大榭开发区长墩村6号
宁波,慈溪市百姓药品零售有限公司海曙雅源店,宁波市海曙区雅源南路95弄2号
宁波,慈溪市坎墩万通药店海曙分店,宁波市海曙区西湾路147号
宁波,宁波市段塘药店,宁波市海曙区段塘中路沿街四间71号（1-7）-（1-12）室
宁波,老百姓大药房连锁（浙江）有限公司宁波店,宁波市海曙区解放南路15号
宁波,老百姓大药房连锁（浙江）有限公司宁波联丰店,宁波市联丰路105号
宁波,老百姓大药房连锁（浙江）有限公司宁波粮丰街店,宁波市海曙区粮丰街115号（1-3）
宁波,老百姓大药房连锁（浙江）有限公司宁波望童路店,宁波市海曙区望童路47号1幢（1-9）（1-10）
宁波,老百姓大药房连锁（浙江）有限公司宁波孝闻店,宁波市海曙区孝闻街102号
宁波,老百姓大药房连锁（浙江）有限公司宁波新芝路店,宁波市海曙区新芝路63号
宁波,宁波北京同仁堂大药房有限公司,宁波市海曙区药行街85号
宁波,宁波北仑家家好药品零售有限公司海曙青林湾分店,海曙区青林湾街278号
宁波,宁波彩虹大药房有限公司蓝天路连锁店,宁波市海曙区蓝天路38，40号（1-13）
宁波,宁波彩虹大药房有限公司安丰街连锁店,宁波市海曙区安丰街276号
宁波,宁波彩虹大药房有限公司丽园北路连锁店,宁波市海曙区恒茂商业中心3号楼（1-7）（1-8）（1-9）（1-17）（1-18）号
宁波,宁波彩虹大药房有限公司龙嘘路连锁店,宁波市海曙区高桥镇龙嘘路226弄274号
宁波,宁波彩虹大药房有限公司天一家园连锁店,宁波市海曙区中山西路924、926号
宁波,宁波彩虹大药房有限公司后仓连锁店,宁波市海曙区石碶街道后仓村
宁波,宁波彩虹大药房有限公司高桥连锁店,宁波市海曙区高桥镇高峰村高君路169号、171号
宁波,宁波彩虹大药房有限公司集士港连锁店,宁波市海曙区集士港镇祝家桥村集士东路208号
宁波,宁波彩虹大药房有限公司南都连锁店,宁波市海曙区恒春街212号、214号、216号、218号
宁波,宁波彩虹大药房有限公司鄞江连锁店,宁波市海曙区鄞江镇光溪村（宁波新江厦连锁超市有限公司鄞江店内）
宁波,宁波彩虹大药房有限公司枫景公寓连锁店,宁波市海曙区石碶街道枫景公寓商铺5幢1室、2室
宁波,宁波彩虹大药房有限公司东鼓道连锁一店,宁波市海曙区东鼓地下商业街B1-04室
宁波,宁波彩虹大药房有限公司仓基街连锁店,宁波市海曙区仓基街57号（1-8）
宁波,宁波彩虹大药房有限公司西河街连锁店,宁波市海曙区西河街62号（1-7）
宁波,宁波彩虹大药房有限公司金茂府连锁店,宁波市海曙区船埠巷85号（1-8）室、87号（1-9）室
宁波,宁波彩虹大药房有限公司柳锦连锁店,宁波市海曙区常青路98弄6号
宁波,宁波彩虹大药房有限公司水岸枫情连锁店,宁波市海曙区古林镇薛家南路244、246号
宁波,宁波彩虹大药房有限公司洞桥连锁店,宁波市海曙区洞桥镇鄞城大道西段1279、1281号
宁波,宁波彩虹大药房有限公司古林连锁三店,宁波市海曙区古林镇古中路63号
宁波,宁波彩虹大药房有限公司舒沁苑连锁店,宁波市海曙区丽园北路669号041幢1-4室
宁波,宁波彩虹大药房有限公司洞桥连锁二店,宁波市海曙区洞桥镇潘沙南路98号、100号
宁波,宁波彩虹大药房有限公司晴园连锁店,宁波市海曙区高桥镇宋家漕村宋成路483号1-9
宁波,宁波彩虹大药房有限公司长乐连锁店,宁波市海曙区高桥镇长乐村
宁波,宁波彩虹大药房有限公司南苑连锁店,宁波市海曙区南苑街203号
宁波,宁波彩虹大药房有限公司联丰大卖场连锁店,宁波市海曙区环城西路332号
宁波,宁波彩虹大药房有限公司古林连锁一店,宁波市海曙区古林镇古集路
宁波,宁波彩虹大药房有限公司石碶连锁店,宁波市海曙区石碶街道北路
宁波,宁波彩虹大药房有限公司西城连锁店,宁波市海曙区横街镇中路
宁波,宁波彩虹大药房有限公司信谊连锁店,宁波市海曙区西郊乡徐家漕村1队
宁波,宁波彩虹大药房有限公司塘西连锁店,宁波市海曙区石碶街道石泉路16号
宁波,宁波彩虹大药房有限公司藕缆桥连锁店,宁波市海曙区高桥镇藕缆桥村
宁波,宁波彩虹大药房有限公司古林连锁二店,宁波市海曙区古林镇古集路
宁波,宁波彩虹大药房有限公司翠柏连锁店,宁波市海曙区苗圃路92号
宁波,宁波彩虹大药房有限公司横街连锁店,宁波市海曙区横街镇横街西路45号
宁波,宁波彩虹大药房有限公司开明连锁店,宁波市海曙区大梁街38（临）
宁波,宁波彩虹大药房有限公司城南连锁店,宁波市海曙区石碶街道雅戈尔大道134号
宁波,宁波彩虹大药房有限公司布政连锁二店,宁波市海曙区古林镇张家谭村
宁波,宁波彩虹大药房有限公司望春大卖场,宁波市海曙区集士港镇集士港十字西路
宁波,宁波彩虹大药房有限公司大卿桥连锁店,宁波市海曙区中山西路416、418号
宁波,宁波彩虹大药房有限公司阳光丽园连锁店,宁波市海曙区石碶街道万兴路1431、1433号
宁波,宁波彩虹大药房有限公司东方阁连锁店,宁波市海曙区石碶街道北路东方阁小区沿街房11号
宁波,宁波彩虹大药房有限公司栎社连锁店,宁波市海曙区石碶街道栎社村
宁波,宁波彩虹大药房有限公司科欣路连锁店,宁波市海曙区集士港镇科欣路383号-1
宁波,宁波彩虹大药房有限公司冯家连锁店,宁波市海曙区石碶街道冯家村
宁波,宁波彩虹大药房有限公司西湾连锁店,宁波市海曙区西湾路188号
宁波,宁波彩虹大药房有限公司迎凤街连锁店,宁波市海曙区迎凤街9号（1-2）-1室
宁波,宁波彩虹大药房有限公司轻纺城连锁店,宁波市海曙区石碶街道东方苑小区2幢108室
宁波,宁波彩虹大药房有限公司商贸路连锁店,宁波市海曙区集士港镇元禾村
宁波,宁波彩虹大药房有限公司白云连锁店,宁波市海曙区环城西路南段52-1、52-3号
宁波,宁波彩虹大药房有限公司水岸花园连锁店,宁波市海曙区柳鸣路99、101号
宁波,宁波彩虹大药房有限公司翠柏连锁二店,宁波市海曙区翠柏路242号（1-3）
宁波,宁波彩虹大药房有限公司青林湾街连锁店,宁波市海曙区青林湾街35-37（单号）
宁波,宁波彩虹大药房有限公司解放南路连锁店,宁波市海曙区解放南路143号
宁波,宁波彩虹大药房有限公司长乐连锁二店,宁波市海曙区高桥镇长乐村怡乐家园店面房226、228、230、232、234号
宁波,宁波彩虹大药房有限公司藕池新村连锁店,宁波市海曙区古林镇藕池村绿荷苑北16-13、16-14
宁波,宁波帝益药品零售有限公司,宁波市海曙区县学街159号
宁波,宁波福济堂大药房有限公司,宁波市海曙区石碶街道广博阳光丽园三期石源路355号
宁波,宁波海曙百济医药零售有限公司,宁波市海曙区西北街4号
宁波,宁波海曙百康药品有限公司,宁波市海曙区柳汀街352号-2室
宁波,宁波海曙福寿斋大药房有限公司,宁波市海曙区清林闲庭25号（1-3）（G-2)室
宁波,宁波海曙福寿斋大药房有限公司沁园店,宁波市海曙区沁园街48号
宁波,宁波海曙哈宝家家好医药有限公司,宁波市海曙区古林镇薛家南路88弄37号
宁波,宁波海曙宏昌参药店,宁波市海曙区解放南路311号
宁波,宁波海曙济世惠人开心大药房有限公司,宁波市海曙区迎春街67、69号
宁波,宁波海曙金熹药房,宁波市海曙区咏归路27-1 29号
宁波,老百姓大药房连锁（浙江）有限公司宁波西湾路店,宁波市海曙区西湾路112号
宁波,宁波海曙启运大药房,宁波市海曙启运路291号东（11-12）
宁波,宁波海曙青林渡药房有限公司,宁波市海曙区丽园北路1595号
宁波,宁波海曙青林湾会好康药房有限公司,宁波市海曙青林湾街244、246号
宁波,宁波海曙寿仁堂百姓健康大药房有限公司,宁波市海曙区尹江路46号
宁波,宁波海曙西友大药房有限公司,宁波市海曙区新芝路96号（1-4）-1、2，100号（1-1）-1
宁波,宁波海曙宜心大药房有限公司,宁波市海曙区新高路47弄63号
宁波,宁波海曙益友大药房有限公司,宁波市海曙区游河巷10号（1-1）-（1-3）
宁波,宁波海曙永乐药房有限公司,宁波市海曙区徐家漕路234号（）1-16）（2-12）
宁波,宁波海曙甬城阳光大药房有限公司,宁波市海曙区白杨街45弄81号（1-10）（1-11）G-5室
宁波,宁波海曙甬城阳光大药房有限公司高桥第一分公司,宁波市海曙区高桥镇联升村
宁波,宁波海曙远健大药房有限公司,宁波市海曙区通达路793号（1-3室）
宁波,宁波海曙镇明药房有限公司,宁波市海曙区镇明路424号
宁波,宁波海王星辰健康药房有限公司,宁波市海曙区解放南路139号
宁波,宁波海王星辰健康药房有限公司白云店,宁波市海曙区环城西路209号
宁波,宁波海王星辰健康药房有限公司白云二店,宁波市海曙区柳汀街586号
宁波,宁波海王星辰健康药房有限公司布政店,宁波市海曙区古林镇张家潭村布政菜场旁
宁波,宁波海王星辰健康药房有限公司仓桥店,宁波市海曙区镇明路151号
宁波,宁波海王星辰健康药房有限公司苍松店,宁波市海曙区苍松路568号（1-6）（1-7）室、苍松路570号（1-8）（1-9）室
宁波,宁波海王星辰健康药房有限公司翠柏路店,宁波市海曙区翠柏路145号
宁波,宁波海王星辰健康药房有限公司洞桥店,宁波市海曙区洞桥镇祖望路
宁波,宁波海王星辰健康药房有限公司高桥店,宁波市海曙区高桥镇菜场路18号
宁波,宁波海王星辰健康药房有限公司高塘花园店,宁波市海曙区新芝路128号1-12室
宁波,宁波海王星辰健康药房有限公司鼓楼店,宁波市海曙区呼童街49号
宁波,宁波海王星辰健康药房有限公司鼓楼一店,宁波市海曙区永寿街4号
宁波,宁波海王星辰健康药房有限公司集仕港店,宁波市海曙区集士港镇十字东路
宁波,宁波海王星辰健康药房有限公司锦秋店,宁波市海曙区迎春街55弄1号
宁波,宁波海王星辰健康药房有限公司联丰红楼店,宁波市海曙区联丰路33号（1-52）
宁波,宁波海王星辰健康药房有限公司马园店,宁波市海曙区柳汀街275号
宁波,宁波海王星辰健康药房有限公司南苑店,宁波市海曙区南苑街225-1（1-21）号
宁波,宁波海王星辰健康药房有限公司南都花城店,宁波市海曙区恒春街171号
宁波,宁波海王星辰健康药房有限公司藕池店,宁波市海曙区古林镇藕池新村开发1幢113-114室（40㎡）
宁波,宁波海王星辰健康药房有限公司琴桥店,宁波市海曙区大沙泥街51—71号
宁波,宁波海王星辰健康药房有限公司青林湾店,宁波市海曙区青林湾街21、23号
宁波,宁波海王星辰健康药房有限公司人丰店,宁波市海曙区体育场路29号
宁波,宁波海王星辰健康药房有限公司升阳泰店,宁波市海曙区镇明路625-627号
宁波,宁波海王星辰健康药房有限公司盛世华庭店,宁波市海曙区联丰中路229号
宁波,宁波海王星辰健康药房有限公司石碶二店,宁波市海曙区石碶街道枫景公寓商铺5幢8室
宁波,宁波海王星辰健康药房有限公司世纪苑店,宁波市海曙区丽园北路93-95号(单)
宁波,宁波海王星辰健康药房有限公司天一店,宁波市海曙区中山西路950－952号
宁波,宁波海王星辰健康药房有限公司雅源店,宁波市海曙区石碶街道石碶村雅源路
宁波,宁波海王星辰健康药房有限公司鄞江店,宁波市海曙区鄞江镇光溪村商埠
宁波,宁波海王星辰健康药房有限公司石碶店,宁波市海曙区（石碶）北路菜场营业房1号
宁波,宁波海王星辰健康药房有限公司海曙雍景店,宁波市海曙区石碶街道雍景街17﹟商铺
宁波,宁波海王星辰健康药房有限公司咏归二店,宁波市海曙区咏归路43号1—3轴（1—6）室
宁波,宁波健欣大药房有限公司,宁波市海曙区镇明路482号1-4室
宁波,宁波江北现代健康大药房海曙集士港分店,宁波市海曙区集士港镇集士东路196号、198号
宁波,宁波开心人大药房有限公司,宁波市海曙区孝闻街112-1号
宁波,宁波康佰家大药房有限公司古林店,宁波市海曙区古林镇张家潭村
宁波,宁波康佰家大药房有限公司集士港店,宁波市海曙区集士港镇祝家桥村陈家车
宁波,宁波柳汀大药房有限公司,浙江省宁波市海曙区柳汀街345号临
宁波,宁波美德信药房有限公司高桥店,宁波市海曙区高桥镇菜场路9号、11号
宁波,宁波美德信药房有限公司海曙联丰店,宁波市海曙区联丰路95、97号
宁波,宁波美德信药房有限公司南苑店,宁波市海曙区粮丰街107号
宁波,宁波美德信药房有限公司岐阳店,宁波市海曙区高桥镇岐阳村菜场西侧综合楼一楼北首
宁波,宁波普利大药房有限公司,宁波市海曙区苍松路542号（1-5）室
宁波,宁波市北仑区新碶华康药房洞桥分店,宁波市海曙区洞桥镇潘沙北路91-92号
宁波,宁波市海曙百为康大药房有限公司,宁波市海曙区集士港镇卖面桥村
宁波,宁波市海曙百源大药房有限公司,宁波市海曙区高桥镇藕缆桥村路118号
宁波,宁波市海曙本气堂医药零售有限公司,宁波市海曙区高桥镇盛世郦都85号
宁波,宁波市海曙博济药品零售有限公司,宁波市海曙区高桥镇新庄村
宁波,宁波市海曙德云药店,宁波市海曙区石碶街道车何村178号
宁波,宁波市海曙鼎明大药房有限公司,宁波市海曙区高桥镇盛世郦都156号
宁波,宁波彩虹大药房有限公司丰成连锁二店,宁波市海曙区集士港镇工贸路451号
宁波,宁波彩虹大药房有限公司藕池新村连锁二店,宁波市海曙区古林镇藕池新村通达开发30幢109室、110室
宁波,宁波市海曙高桥城市之星健康药房（普通合伙）,宁波市海曙区高桥镇长乐村
宁波,宁波市海曙高桥竹康大药房,宁波市海曙区高桥镇新庄村
宁波,宁波市海曙国康海辰大药房有限公司,宁波市海曙区高桥镇红心村孙家漕88号
宁波,宁波市海曙海辰大药房有限公司,宁波市海曙区望童路934号
宁波,宁波市海曙海通药店,宁波市海曙区高塘路35号
宁波,宁波市海曙海悦海辰大药房有限公司,宁波市海曙区石碶街道雅戈尔大道132-3号
宁波,宁波市海曙好耀大药房有限公司,宁波市海曙区古林镇古林村南街
宁波,宁波市海曙恒春大药房有限公司,宁波市海曙区集士港镇十字西路
宁波,宁波市海曙恒福堂大药房有限公司,宁波市海曙区石碶街道建庄村杨家23号
宁波,宁波市海曙恒海家家好大药房有限公司,宁波市海曙区青林湾西区24号
宁波,宁波市海曙红会医药零售有限公司,宁波市海曙区高桥镇新庄村（新庄路99号）
宁波,宁波市海曙华凯药品有限公司,宁波市海曙区高桥镇芦港村清沁家园11号
宁波,宁波市海曙阳铭城市之星大药房,宁波市海曙区洞桥镇章远路158号
宁波,宁波市海曙会好康药房有限公司,宁波市海曙区迎春街119号
宁波,宁波市海曙惠生药房,宁波市海曙区石碶街道雅渡新村18幢113室114室
宁波,宁波市海曙吉泰大药房(普通合伙),宁波市海曙区石碶街道石碶村老街
宁波,宁波市海曙健乐药店,宁波市海曙区高桥镇望江村王家58号
宁波,宁波市海曙健生大药房,宁波市海曙区古林镇俞家村
宁波,宁波市海曙江泽大药房有限公司,宁波市海曙区高桥镇秀丰村三城路155-1-2号
宁波,宁波市海曙今安大药房,宁波市海曙区集士港镇祝家桥村十字东路
宁波,宁波市海曙康培益大药房有限公司,宁波市海曙区石碶街道横涨村
宁波,宁波市海曙康善大药房高桥晴园店,宁波市海曙区高桥镇宋成路415，417号
宁波,宁波市海曙康阳自家人大药房,宁波市海曙区高桥镇藕缆桥村朝阳公寓一楼店面房从东往西第12、13间房屋
宁波,宁波市海曙康佰家大药房,宁波市海曙区恒春街194号（1-3）
宁波,宁波市海曙老百姓健康大药房,宁波市海曙区集士港镇松霞巷4号
宁波,宁波市海曙乐寿医药有限公司,宁波市海曙区洞桥镇荷晓东路999号
宁波,宁波市海曙每日佳医药有限公司,宁波市海曙区古林镇薛家南路88弄210、212号
宁波,宁波市海曙美诚大药房有限公司,宁波市海曙区石碶街道雅戈尔大道523号158室
宁波,宁波市海曙铭源城市之星健康药房有限公司百梁桥分公司,宁波市海曙区洞桥镇百梁桥村幸福路32号
宁波,宁波市海曙铭源城市之星健康药房有限公司,宁波市海曙区鄞江镇光溪村四明东路
宁波,宁波市海曙平佳医药零售有限公司孙家漕分店,宁波市海曙区高桥镇红心村孙家漕联丰中路856-858号
宁波,宁波市海曙普仁大药房,宁波市宁波市海曙区顺德路328，330号
宁波,宁波市海曙普仁大药房高桥店,宁波市海曙区高桥镇三成路28号
宁波,宁波市海曙启源药店,宁波市海曙区竺家巷1、2号
宁波,宁波市海曙区晴园大药房有限公司,宁波市海曙区高桥镇宋晴路22号
宁波,宁波市海曙区御皇大药房,宁波市海曙区环城西路北段100号
宁波,宁波市海曙区长生大药房（普通合伙）,宁波市海曙区蓝天路29-31号
宁波,宁波市海曙全草大药房有限公司,宁波市海曙区石碶街道后仓村露头街4号
宁波,宁波市海曙仁仁健康药房有限公司,宁波市海曙区古林镇布政云林东路76弄48-50号
宁波,宁波市海曙蜃蛟中西药店,宁波市海曙区古林镇蜃蛟村
宁波,宁波市海曙施泰乐大药房有限公司,宁波市高桥镇红心村
宁波,宁波市海曙石矸松寿堂大药房薛家店,宁波市海曙区古林镇薛家新家园三期84-86号
宁波,宁波市海曙寿鑫大药房有限公司,宁波市海曙区高桥镇高桥路643号
宁波,宁波市海曙舒心药店,宁波市海曙区望童路124号、126号
宁波,宁波市海曙顺安泰中西大药房有限公司,宁波市海曙区集士港镇聚才路939.941号
宁波,宁波市海曙天和大药房,宁波市海曙区望童路116、118号
宁波,宁波市海曙宛美大药房有限公司,宁波市海曙区高桥镇长乐村
宁波,宁波市海曙万佳大药房,宁波市海曙区石碶街道雅源北路370号
宁波,宁波市海曙伟顺大药房,宁波市海曙区洞桥镇洞欣路新世境花苑商铺224.226号
宁波,宁波市海曙文诚药房有限公司,宁波市海曙区石碶街道北路一村19幢8号
宁波,宁波市海曙喜阳阳健康药房有限公司,宁波市海曙区古林镇葑水港村葑盛昉小区
宁波,宁波市海曙香香药房,宁波市海曙区石碶街道后仓村菜场边
宁波,宁波市海曙香香药房横涨分店,宁波市海曙区石碶街道横涨村中心南路西29号
宁波,宁波市海曙祥和大药房有限公司,宁波市海曙区古林镇蜃蛟村蜃蛟市场42号
宁波,宁波市海曙馨昊药房有限公司,宁波市海曙区高桥镇望江村菜场1幢17号
宁波,宁波市海曙鑫堂大药房有限公司,宁波市海曙区鄞江镇沿山村边家91号
宁波,宁波市海曙信谊医药零售有限公司,宁波市海曙区解放南路55号
宁波,宁波市海曙雅渡保康大药房,宁波市海曙区石碶街道雅渡村86号
宁波,宁波市海曙医药店,宁波市海曙区西北街58号
宁波,宁波市海曙甬清堂大药房有限公司,宁波市海曙区古林镇薛家新家园三期79-80店铺
宁波,宁波市海曙原泰城市之星健康药房,宁波市海曙区澄波街434号＜1-1＞-1
宁波,宁波市海曙源生大药房（普通合伙）,宁波市海曙区洞桥镇百梁桥新苑130.131号
宁波,宁波市海曙悦康海辰大药房有限公司,宁波市海曙区高桥镇高峰村
宁波,宁波市海曙悦康海辰大药房有限公司君尚城店,宁波市海曙区高桥镇新丰路888弄1号
宁波,宁波市海曙悦康海辰大药房有限公司蒲家兰庭店,宁波市海曙区高桥镇蒲家村蒲家兰庭新丰路1102、1104号
宁波,宁波市海曙蕴康家家好大药房有限公司,宁波市海曙区古林镇薛家南路35-39号
宁波,宁波市海曙泽林大药房布政分店,宁波市海曙区古林镇张家潭村
宁波,宁波市海曙泽林大药房后仓分店,宁波市海曙区石碶街道后仓村公交车终点站
宁波,宁波市海曙泽林大药房礼嘉桥分店,宁波市海曙区古林镇礼嘉桥村五区-1-193号
宁波,宁波市海曙泽泰医药有限公司,宁波市海曙区高桥镇藕缆桥村联丰中路566号第二第三间陈德平
宁波,宁波市海曙哲渝平民大药房,宁波市海曙区古林镇藕池村
宁波,宁波市海曙真诚大药房有限公司,宁波市海曙区古林镇陈横楼村
宁波,宁波市海曙左邻右舍健康大药房有限公司,宁波市海曙区集士港镇春华路1145号
宁波,宁波市四季康来医药有限公司马园路店,宁波市海曙区苍松路143弄57号-59号
宁波,宁波市江北区益沐堂医药零售有限公司藕缆桥店,宁波市海曙区高桥镇望春工业区
宁波,宁波市江北万和大药房有限公司海曙柳汀店,宁波市海曙区柳汀街381号，383号
宁波,宁波今世康大药房有限公司,宁波市海曙区古林镇布政村
宁波,宁波市四季康来医药有限公司海曙石碶店,宁波市海曙区石碶街道枫景公寓商铺5幢5、6室
宁波,宁波市益众大药房有限公司,宁波市海曙区联丰路152-2
宁波,宁波市海曙百佳医药零售有限公司,宁波市海曙区古林镇藕池新村绿苑北16-7号
宁波,宁波市海曙古林东方大药房,宁波市海曙区古林镇张家潭村云林中路
宁波,宁波市海曙古林古中大药房,宁波市海曙区古林镇古中路11，12号
宁波,宁波市海曙古林礼嘉桥大众医药零售有限公司,宁波市海曙区古林镇礼嘉桥工业区第一幢西边
宁波,宁波市海曙古林南阳药品有限公司,宁波市海曙区古林镇薛家村商业街
宁波,宁波市海曙古林南阳药品有限公司合升分店,宁波市海曙区高桥镇合心村下林自然村合心新村沿街东北面1-2店面房
宁波,宁波市海曙古林泰宁大药房,宁波市海曙区古林镇藕池村芳草苑12幢5房号
宁波,宁波市海曙古林新安泰大药房（普通合伙）,宁波市海曙区古林镇中心路165-167
宁波,宁波市海曙古林新安泰大药房（普通合伙）布政店,浙江省宁波市海曙区古林镇段梅路577-579
宁波,宁波市海曙古林新安泰大药房（普通合伙）一分店,浙江省宁波市海曙区古林镇古林中路
宁波,宁波市海曙和芳堂大药房（普通合伙）,宁波市海曙区古林镇古中路东6，8号
宁波,宁波市海曙恒好大药房有限公司,宁波市海曙区鄞江镇四明东路51号
宁波,宁波市海曙横街乐康药店,宁波市海曙区横街镇横街西路86号
宁波,宁波市海曙洪渡大药房有限公司,宁波市海曙区石碶街道洪渡新村1幢6号
宁波,宁波市海曙华铭城市之星健康药房,宁波市海曙区鄞江镇光溪村会堂弄6号
宁波,宁波市海曙惠众大药房有限公司,宁波市海曙区高桥镇藕缆桥村藕缆桥路136--138号
宁波,宁波市海曙集士港医药商店,宁波市海曙区集士港镇十字东路142号
宁波,宁波市鄞州姜山慧仁大药房集士港分店,宁波市海曙区集士港镇繁荣路
宁波,宁波市鄞州姜山慧仁大药房轻纺城分店,宁波市海曙区石碶街道枫景公寓商铺5幢7室
宁波,宁波市海曙康爱大药房有限公司,宁波市海曙区高桥镇合心村
宁波,宁波市鄞州康佰家厚物堂大药房有限公司石碶店,宁波市海曙区石碶街道枫景公寓1幢1-2号、3室商铺
宁波,宁波市海曙康民医药零售有限公司,宁波市海曙区古林镇古中路173-179号
宁波,宁波市海曙康善大药房,宁波市海曙区高桥镇学院路352号
宁波,宁波市海曙可仁大药房有限公司,宁波市海曙区古林镇葑里村陈钞堂88号
宁波,宁波市海曙灵芝堂医药零售有限公司,宁波市海曙区石碶街道栎社街79号
宁波,宁波市鄞州美佳大药房三市店,宁波市海曙区三市路108号
宁波,宁波市鄞州美佳大药房尹江店,宁波市海曙区三市路238号
宁波,宁波市海曙平佳医药零售有限公司,宁波市海曙区高桥镇古庵村
宁波,宁波市海曙谱安医药零售有限公司,宁波市海曙区石碶街道万顺路63#、65#、67#
宁波,宁波市海曙轻纺城健康大药房,宁波市海曙区石碶街道轻纺城西食品街24号
宁波,宁波市海曙区致君大药房,宁波市海曙区薛家南路88弄42号
宁波,宁波市海曙润丰药品零售有限公司,宁波市海曙区洞桥镇碧云路190号
宁波,宁波市海曙石碶松寿堂大药房,宁波市海曙区石碶街道栎社村夏家栎社街67号
宁波,宁波市海曙石碶天康大药房,宁波市海曙区石碶街道洪渡新村10幢83-84号（45平方）
宁波,宁波市海曙松延堂大药房有限公司,宁波市海曙区洞桥镇王家桥村文卫路45号
宁波,宁波市海曙天天乐药房有限公司,宁波市海曙区古林镇藕池新村天地小区11幢112，113室
宁波,宁波市海曙祥瑞大药房有限公司,宁波市海曙区古林镇西洋港新村8号
宁波,宁波市海曙新盛汇康大药房有限公司,宁波市海曙区洞桥镇荷晓东路978号
宁波,宁波市海曙奕宏大药房,宁波市海曙区古林镇陈横楼村同德路9号-15号
宁波,宁波市海曙益惠大药房,宁波市海曙区高桥镇古庵村何家路1号
宁波,宁波市海曙银河堂药房,宁波市海曙区鄞江镇官池中路8号
宁波,宁波市海曙鄞江四明大药房有限公司,宁波市海曙区鄞江镇四明西路1-4号
宁波,宁波市海曙永旺大药房,宁波市海曙区高桥镇新丰路678、680号
宁波,宁波市海曙永旺大药房古林店,宁波市海曙区古林镇文卫路
宁波,宁波市海曙甬之康健康药房,宁波市海曙区通达路558号
宁波,宁波市海曙美锐大药房,宁波市海曙区薛家南路24号
宁波,宁波市海曙泽林大药房,宁波市海曙区高桥镇古庵村何家工业区268号
宁波,宁波市仲景堂大药房有限公司,宁波市海曙区石碶街道塘西中路南段16号
宁波,宁波四明大药房有限责任公司横街连锁店,宁波市海曙区横街镇振兴路兴发楼
宁波,宁波四明大药房有限责任公司集士港连锁店,宁波市海曙区集士港镇集士西路11号
宁波,宁波四明大药房有限责任公司藕缆桥连锁店,宁波市海曙区高桥镇藕缆桥村
宁波,宁波四明大药房有限责任公司三市连锁店,宁波市海曙区县学街145号
宁波,宁波四明大药房有限责任公司石碶药城分公司,宁波市海曙区石碶街道塘西村
宁波,宁波四明大药房有限责任公司四明大药房连锁店,宁波市海曙区镇明路633号
宁波,宁波四明大药房有限责任公司新晨连锁店,宁波市海曙区大沙泥街59、61号
宁波,宁波四明大药房有限责任公司新典连锁店,宁波市海曙区粮丰街6、8号
宁波,宁波四明大药房有限责任公司新苑连锁店,宁波市海曙区集士港香雪路杨家村
宁波,宁波四明大药房有限责任公司西北连锁店,宁波市海曙区西北街2-3号(1-2)室、2号-4(1-1)室
宁波,宁波四明大药房有限责任公司徐家漕连锁店,宁波市海曙区徐家漕路91号
宁波,宁波四明大药房有限责任公司长乐连锁店,宁波市海曙区高桥镇盛世郦都192号
宁波,宁波四明大药房有限责任公司中山连锁店,宁波市海曙区柳汀街296号
宁波,宁波市海曙新芝医药零售有限公司,宁波市海曙区县学街93号
宁波,宁波杏苑大药房有限公司,宁波市海曙区广安路209弄44号（1-7）、广安路231号（1-4）、广安路233号（1-3）室  
宁波,宁波医元堂医药有限公司,宁波市海曙区中山西路548号
宁波,宁波甬药江南大药房有限公司海曙白岳锁店,宁波市海曙区集士港镇湖山村湖山新村83-84号
宁波,宁波彩虹大药房有限公司樟村连锁店,宁波市海曙区章水镇樟村村振兴中路
宁波,宁波甬药江南大药房有限公司海曙樟村锁店,宁波市海曙区章水镇樟村里街
宁波,宁波彩虹大药房有限公司包家连锁二店,宁波市海曙区古林镇包家村
宁波,宁波彩虹大药房有限公司井亭家园连锁店,宁波市海曙区集士港镇香雪路1005号
宁波,宁波彩虹大药房有限公司礼嘉桥连锁店,宁波市海曙区古林镇礼嘉桥村
宁波,宁波彩虹大药房有限公司青林湾街连锁二店,宁波市海曙区青林湾西区4号
宁波,宁波彩虹大药房有限公司何家连锁店,宁波市海曙区高桥镇红心村何家路317-1、317-2317-3号
宁波,宁波彩虹大药房有限公司新家园连锁店,宁波市海曙区古林镇薛家新家园二期1#商铺一楼
宁波,宁波彩虹大药房有限公司薛家连锁店,宁波市海曙区古林镇薛家村
宁波,宁波彩虹大药房有限公司西湖花园连锁店,宁波市海曙区通达路563号
宁波,宁波彩虹大药房有限公司俞家连锁店,宁波市海曙区古林镇俞家村
宁波,上海益丰大药房连锁有限公司宁波柳汀街店,宁波市海曙区柳汀街596号
宁波,上海益丰大药房连锁有限公司宁波南苑店,宁波市海曙区粮丰街69号
宁波,上海益丰大药房连锁有限公司宁波新芝路店,宁波市海曙区新芝路132号.132号-1
宁波,上药控股宁波医药股份有限公司大药房,宁波市海曙区车轿街26号一楼
宁波,浙江友禾大药房有限公司海曙古林店,宁波市海曙区古林镇古林市场西门
宁波,宁波市海曙华嘉大药房有限公司,宁波市海曙区鄞江镇它山堰村官池中路1号
宁波,宁波甬药江南大药房有限公司海曙卖面桥连锁店,宁波市海曙区集士港镇卖面桥村东街39号
宁波,宁波市海曙横街佑康大药房,宁波市海曙区横街镇镇南路
宁波,宁波市海曙金缘大药房有限公司,宁波市海曙区古林镇包家村幸福家园
宁波,宁波市海曙万顺堂大药房,宁波市海曙区高桥镇蒲家村蒲家兰庭小区春池路1490号
宁波,宁波市海曙岐湖大药房,宁波市海曙区高桥镇岐湖村双家河头21号
宁波,宁波彩虹大药房有限公司包家连锁店,宁波市海曙区古林镇包家幸福家园17幢10-12号
宁波,宁波彩虹大药房有限公司关爱连锁店,宁波市海曙区新园路132号(1-14)，134号(1-13)
宁波,宁波彩虹大药房有限公司客运中心连锁店,宁波市海曙区古林镇礼嘉桥村通达路160号
宁波,宁波彩虹大药房有限公司栎社老街连锁店,宁波市海曙区石碶街道栎社村
宁波,宁波彩虹大药房有限公司龙观连锁店,宁波市海曙区龙观乡桓村村龙兴路
宁波,宁波市海曙天凯大药房有限公司,宁波市海曙区高桥镇秀丰村幸福路89号
宁波,宁波市海曙集士港世纪星辰大药房（普通合伙）,宁波市海曙区集士港镇湖山村
宁波,宁波市海曙区齐悦大药房有限公司,宁波市海曙区石碶街道联丰村奎元新村住宅楼下商铺16-17号
宁波,宁波海王星辰健康药房有限公司柳庄一店,宁波市海曙区柳庄街81号1-8-1室
宁波,宁波平和仁堂医药有限公司,宁波市海曙区中山西路840号
宁波,宁波市海曙协力健康管理有限公司,宁波市海曙区古林镇集古路77、79、81号
宁波,宁波市海曙洞桥中西医药有限公司,宁波市海曙区洞桥镇潘沙北路2-5号
宁波,宁波市海曙耀康大药房有限公司,宁波市海曙区高桥镇高峰村高锦花苑汇贤路511
宁波,宁波市海曙明苑大药房有限公司,浙江省宁波市海曙区洞桥镇潘沙南路213号
宁波,宁波市海曙华泰大药房,浙江省宁波市海曙区古林镇礼嘉桥村
宁波,宁波市海曙同安大药房,宁波市海曙区石碶街道塘西村陈江岸新村1号
宁波,宁波彩虹大药房有限公司水岸花园连锁二店,宁波市海曙区柳鸣路62号
宁波,宁波彩虹大药房有限公司古林菜场连锁店,宁波市海曙区古林镇古林菜市场35-7
宁波,宁波彩虹大药房有限公司俞家连锁二店,宁波市海曙区古林镇俞家村
宁波,宁波彩虹大药房有限公司横街连锁二店,宁波市海曙区横街镇洞山新村110号、111号
宁波,宁波彩虹大药房有限公司葑里连锁店,宁波市海曙区古林镇葑里村陈家343号
宁波,宁波彩虹大药房有限公司望童北路连锁店,宁波市海曙区望童北路61号（1-7）（1-8）室
宁波,宁波彩虹大药房有限公司呼童街连锁店,宁波市海曙区古林镇蜃蛟村闻江岸
宁波,宁波市海曙圣安吉大药房有限公司,宁波市海曙区古林镇包家行政村幸福家园13幢2号商铺
宁波,宁波鄞州民安大药房,鄞州区民安路521号
宁波,宁波市鄞州铭仁堂健康药房有限公司,宁波市鄞州南演武街45<1-21>号
宁波,宁波市鄞州区贵仁药房,鄞州区中兴路793弄66号
宁波,宁波开心国寿堂医药有限公司,宁波市鄞州区民安路701、703号（1-6）（2-6）
宁波,老百姓大药房连锁（浙江）有限公司宁波永达西路店,宁波市鄞州区永达西路83-85号
宁波,老百姓大药房连锁（浙江）有限公司宁波贺丞路一店,浙江省宁波市鄞州区白鹤新村157幢（贺丞路389-391号）
宁波,宁波鄞州益康大药房（普通合伙）,宁波市鄞州区桑田路783弄18号（1-6），20号（1-7）
宁波,宁波市鄞州家家乐药房波波城分店,浙江省宁波市鄞州区福明街道曙光北路1673，1675号(72.7平方米)
宁波,宁波江东好心情大药房（普通合伙）,宁波市鄞州区兴宁路142号(1-2)西边第一间
宁波,浙江友禾大药房有限公司华严分店,宁波市鄞州区华严街107号（1-14）
宁波,宁波鄞州福万家药房（普通合伙）,宁波市鄞州区朝晖路384号（74㎡）
宁波,宁波彩虹大药房有限公司太古城连锁三店,宁波市鄞州区百丈东路北柳街19、21号（1-2）
宁波,宁波彩虹大药房有限公司甬港连锁店,鄞州区甬港北路36号49幢（1-3）、（2-3）
宁波,宁波彩虹大药房有限公司东和路连锁店,宁波市鄞州区东和路178、180、184号（1-7）
宁波,宁波彩虹大药房有限公司太古城连锁二店,宁波市鄞州区百丈东路969号（1-1）
宁波,宁波海王星辰健康药房有限公司华严店,宁波市鄞州区廨院巷35号
宁波,宁波海王星辰健康药房有限公司常青藤二店,宁波市鄞州区东柳街道中兴路58号
宁波,宁波海王星辰健康药房有限公司东海店,宁波市鄞州区桑田路312号商铺
宁波,宁波海王星辰健康药房有限公司金鼎二店,宁波市鄞州区中山东路513号-2、513号-3
宁波,宁波海王星辰健康药房有限公司张斌桥店,宁波市鄞州区东胜街道中山东路597号（1-9）
宁波,宁波海王星辰健康药房有限公司新河明珠一店,宁波市鄞州区王隘路246号
宁波,宁波海王星辰健康药房有限公司文景店,宁波市鄞州区百丈街道南演武街78号
宁波,宁波海王星辰健康药房有限公司华严二店,宁波市鄞州区百丈街道华严街138、140号
宁波,宁波海王星辰健康药房有限公司明园店,宁波市鄞州区明楼街道朝晖路219号
宁波,宁波海王星辰健康药房有限公司日月星辰店,宁波市鄞州区白鹤街道宋家巷216－218号
宁波,宁波市鄞州区美佳大药房曙光店,宁波市鄞州区福明街道曙光北路368#-3-4
宁波,宁波海王星辰健康药房有限公司百丈苑店,宁波市鄞州区桑田路744号（1-19）（2-19）、748号（2-18）
宁波,宁波海王星辰健康药房有限公司东莺新村店,宁波市鄞州区下应街道东莺新村85幢底层05号店面
宁波,宁波海王星辰健康药房甬港北路店,宁波市鄞州区百丈街道甬港北路30号049幢（1-6）（2-6）
宁波,宁波海王星辰健康药房有限公司格兰云天店,宁波市鄞州区贸城中路636－638号
宁波,宁波海王星辰健康药房有限公司鄞州四明中路店,宁波市鄞州区四明中路653号
宁波,宁波海王星辰健康药房有限公司鄞州春江花城店,宁波市鄞州区四明东路689号
宁波,宁波海王星辰健康药房有限公司鄞州都市森林店,宁波市鄞州区钟公庙街道麟寓路20号
宁波,宁波海王星辰健康药房有限公司鄞州盛世天城店,宁波市鄞州区中河街道贸城东路645号
宁波,宁波海王星辰健康药房有限公司鄞州世纪花园店,宁波市鄞州区永达路1559号0088幢S3号
宁波,宁波海王星辰健康药房有限公司鄞州紫郡店,宁波市鄞州区诚信路1194号
宁波,宁波市鄞州新福大药房,宁波市鄞州区姜山镇朝阳路323号
宁波,宁波市鄞州姜山慧仁大药房五乡分店,宁波市鄞州区五乡镇爱民北路96号
宁波,老百姓大药房连锁（浙江）有限公司宁波市鄞州金家新村店,宁波市鄞州区钟公庙金家新村12幢11间
宁波,宁波市鄞州佳康大药房有限公司,宁波市鄞州区姜山镇人民路50号
宁波,宁波鄞州慧信大药房有限公司,宁波市鄞州区钟公庙街道建设路99、101号
宁波,宁波市鄞州紫诚大药房有限公司,宁波市鄞州区潘火街道诚信路1222号
宁波,宁波市正源大药房有限公司鄞州连锁店,宁波市鄞州区钟公庙街道堇山中路926、928号
宁波,宁波市鄞州同致药品零售有限公司,宁波市鄞州区云龙镇甲旺人家甲汪路1号
宁波,宁波市鄞州修仁堂医药有限公司,宁波市鄞州区钟公庙街道泰安西路163号
宁波,宁波市鄞州福顺医药零售有限公司,宁波市鄞州区钟公庙街道庙堰村1幢102-3-4
宁波,宁波启明星健康大药房有限公司,浙江省宁波市鄞州区邱隘镇青年路331，333号
宁波,宁波市鄞州仲康大药房,宁波市鄞州区中河街道四明中路62号
宁波,宁波市鄞州芝兰大药房,宁波市鄞州区钟公庙街道芝兰新城26幢94号
宁波,宁波市鄞州区品康药品零售有限公司,宁波市鄞州区姜山镇上何村明光路6号
宁波,宁波市鄞州享优堂大药房（普通合伙）,宁波市鄞州区下应街道百丈花园1幢01-02号
宁波,上海益丰大药房连锁有限公司宁波天童北路店,宁波市鄞州区飞虹新村天童北路97-101号
宁波,宁波彩虹大药房有限公司新江厦连锁店,宁波市鄞州区东胜街道中山东路313-1号
宁波,宁波彩虹大药房有限公司鄞州紫郡连锁店,宁波市鄞州区诚信路1203、1205号
宁波,宁波海王星辰健康药房有限公司朝阳店,宁波市鄞州区姜山镇顾家村
宁波,宁波市鄞州福宁大药房（普通合伙),宁波市鄞州区五乡镇钟家沙村漕底
宁波,宁波市鄞州宁福大药房有限公司,宁波市鄞州区五乡镇天童庄村
宁波,宁波市鄞州多福一源药房有限公司,宁波市鄞州区中河街道春园路561号
宁波,宁波市鄞州奥强药店,宁波市鄞州区邱隘镇东雅村
宁波,宁波市鄞州佳尔大药房,宁波市鄞州区中河街道贸城东路183、185号
宁波,宁波市鄞州横溪会佳大药房,宁波市鄞州区横溪镇大街
宁波,宁波市鄞州福慧堂中西大药房,宁波市鄞州区姜山镇东光家园顺明路1314号
宁波,宁波市鄞州好善堂大药房有限公司,宁波市鄞州区云龙镇石桥村118-1，，118-2
宁波,宁波海王星辰健康药房有限公司东裕店,宁波市鄞州区贸城东路184号
宁波,宁波海王星辰健康药房有限公司钟盈店,宁波市鄞州区钟公庙街道菜场路306、308室
宁波,宁波市鄞州葫芦大药房,宁波市鄞州区五乡镇龙兴村
宁波,宁波市康佰家养心堂大药房有限公司,宁波市鄞州区邱隘镇邱一村菜市场
宁波,宁波市鄞州康悦医药零售有限公司,宁波市鄞州区姜山镇蔡郎桥村姜丽路1804，1806号
宁波,宁波市鄞州正康医药零售有限公司,宁波市鄞州区钟公庙路180弄63、65、67、69号
宁波,宁波市鄞州济民药品零售有限公司,宁波市鄞州区姜山镇周韩村综合市场
宁波,宁波市鄞州兴民大药房,宁波市鄞州区潘火街道潘火路738号
宁波,宁波市鄞州清河堂大药房（普通合伙）,宁波市鄞州区姜山镇明光北路1166号
宁波,宁波市鄞州佳仁大药房有限公司,宁波市鄞州区云龙镇徐东埭村菜场东161号
宁波,宁波市鄞州健龙医药有限公司,宁波市鄞州区邱隘镇回龙村盛莫路
宁波,宁波市鄞州钱乙堂医药有限公司,宁波市鄞州区云龙镇甲村横马路23号
宁波,宁波市鄞州鄞康大药房有限公司,浙江省宁波市鄞州区潘火街道紫城路1203号
宁波,宁波市鄞州栗盛城市之星健康药房有限公司,宁波市鄞州区堇山中路416号
宁波,宁波彩虹大药房有限公司鄞州朝阳连锁店,浙江省宁波市鄞州区姜山镇顾家村
宁波,宁波彩虹大药房有限公司鄞州万客隆连锁店,宁波市鄞州区中河街道贸城东路192号1-3楼（万嘉隆超市内一楼A05号）
宁波,宁波彩虹大药房有限公司鄞州姜丽路连锁二店,浙江省宁波市鄞州区姜山镇蔡郎桥姜丽路1722、1724号
宁波,宁波市鄞州瞻虹甬药江南大药房,浙江省宁波市鄞州区瞻岐镇瞻虹路35号
宁波,宁波市鄞州咸祥城市之星健康药房有限公司,宁波市鄞州区瞻岐镇滨海都市花园96号
宁波,宁波市鄞州康福堂医药零售有限公司,宁波市鄞州区五乡镇仁久村1132号
宁波,宁波市鄞州会康大药房有限公司,宁波市鄞州区东郊街道金家一路566号（1-4）
宁波,宁波市鄞州区美佳大药房邱隘店,宁波市鄞州区邱隘镇青年路323号
宁波,宁波市鄞州人和万兴健康大药房有限公司,宁波市鄞州区五乡镇五乡西路97号
宁波,鄞州华裕药房,鄞州区中河街道贸城东路东裕市场外围6号
宁波,宁波康佰家大药房有限公司,宁波市鄞州区邱隘镇镇中路20号
宁波,宁波康佰家大药房有限公司下应店,宁波市鄞州区下应街道镇东路启明南路交叉口
宁波,宁波市鄞州美佳大药房民安店,宁波市鄞州区福明街道民安东路82、834、836号
宁波,老百姓大药房连锁（浙江）有限公司宁波甬港北路店,浙江省宁波市鄞州区甬港北路32号049幢（1-5）（2-5）
宁波,宁波鄞州阳益大药房有限公司,宁波市鄞州区福明街道惊驾路791号
宁波,宁波市鄞州众优城市之星健康药房,宁波市鄞州区清润街302号(1-1)
宁波,宁波市鄞州鹤鸣大药房,宁波市鄞州区华泰街143号
宁波,宁波市鄞州泰仁药房,宁波市鄞州区百丈东路758弄8号
宁波,宁波银苑大药房有限公司,宁波市鄞州区潜龙巷20号3幢、2幢一层部分
宁波,宁波鄞州明楼春源大药房,宁波市鄞州区宁穿路294、296《1-1》G-1
宁波,宁波市鄞州宏天大药房,宁波市鄞州区中山东路351号一楼西首五、六间和二楼东面四间
宁波,浙江友禾大药房有限公司甬港分店,宁波市鄞州区甬港南路27号（1-5）
宁波,宁波市鄞州锦绣城市之星健康药房有限公司,宁波市鄞州区民安东路862号008幢（1-8）-2
宁波,宁波海王星辰健康药房有限公司太古城店,宁波市鄞州区中山东路1052号（1—9）
宁波,宁波市鄞州慧心中西大药房有限公司,宁波市鄞州区姜山镇仪门村环镇北路7号
宁波,宁波市鄞州鑫芝堂医药有限公司,宁波市鄞州区四眼碶街21号4号楼（1-19）
宁波,宁波市海曙古林南阳药品有限公司鄞州毛家漕分公司,宁波市鄞州区首南街道前周（毛家漕工业区）店面商铺4-5号
宁波,宁波市鄞州云龙镇正源药品连锁店（普通合伙）,浙江省宁波市鄞州区云龙镇云达路457，477号
宁波,宁波市鄞州区云龙镇洪惠堂大药房,宁波市鄞州区云龙镇荻江村621号
宁波,宁波市鄞州普度一源药房有限公司,宁波市鄞州区中河街道贸城中路316号
宁波,宁波市鄞州恒吉医药有限公司环球城分公司,浙江省宁波市鄞州区首南街道蝶缘路775号
宁波,宁波甬药江南大药房有限公司海悦连锁店,浙江省宁波市鄞州区寒松路107号
宁波,宁波市鄞州下应福星大药房,宁波市鄞州区下应街道百宁街3016号
宁波,浙江昆慧轩大药房有限公司宁波环球银泰城店,宁波市鄞州区首南街道句章东路921、923号
宁波,宁波市康佰家芳阳大药房有限公司,宁波市鄞州区钟公庙街道长丰菜场路64号66号
宁波,宁波市鄞州新月大药房,宁波市鄞州区东吴镇小白村河头
宁波,宁波市鄞州瑞兴大药房首南菜场店,宁波市鄞州区首南街道蕙江东路14号
宁波,宁波市鄞州大自然医药零售有限公司,宁波市鄞州区邱隘镇人民北路46、48号
宁波,宁波彩虹大药房有限公司鄞州贸城中路连锁店,宁波市鄞州区钟公庙街道贸城中路576、578号
宁波,宁波海王星辰健康药房有限公司沃尔玛万达店,宁波市鄞州区四明中路999号
宁波,宁波市鄞州康佰家厚物堂大药房有限公司,宁波市鄞州区五乡镇东街
宁波,宁波市鄞州康佰家厚物堂大药房有限公司甲村店,宁波市鄞州区云龙镇甲村村
宁波,宁波市鄞州康佰家厚物堂大药房有限公司横溪店,宁波市鄞州区横溪镇大街菜场路2-4号
宁波,宁波市鄞州春谷堂医药零售有限公司,宁波市鄞州区云龙镇上李家村
宁波,宁波市鄞州德宁堂大药房有限公司,宁波市鄞州区横溪镇钱岙村钱岙菜场56-57号
宁波,宁波市鄞州阳美大药房有限公司,宁波市鄞州区姜山镇定桥路22号
宁波,宁波市鄞州开启大药房有限公司,宁波市鄞州区横溪镇横溪大街75号
宁波,宁波四明大药房有限责任公司姜山顺明连锁店,宁波市鄞州区姜山镇顺明路1308号
宁波,宁波市鄞州奥强药店宝幢分店,宁波市鄞州区五乡镇永乐村军民路5栋
宁波,宁波市鄞州怡香大药房,宁波市鄞州区姜山镇陈家团村
宁波,宁波市鄞州保源康大药房有限公司,宁波市鄞州区云龙镇任新村多谷290号
宁波,宁波市鄞州家家乐药房东吴二店,宁波市鄞州区东吴镇文体中心
宁波,宁波市海曙惠生药房前徐分店,宁波市鄞州区云龙镇前徐村
宁波,宁波市四季康来医药有限公司鄞州梅溪店,宁波市鄞州区塘溪镇塘头村
宁波,宁波甬药江南大药房有限公司鄞州明轩连锁店,宁波市鄞州区云龙镇徐东埭村159号-1
宁波,宁波彩虹大药房有限公司甬港南路连锁店,鄞州区甬港口南路27号（1-5）-2、（1-5）-3
宁波,宁波彩虹大药房有限公司华侨城连锁店,宁波市鄞州区百丈东路823号（1-18）、825号（1-19）
宁波,宁波四明大药房有限责任公司保丰连锁店,宁波市鄞州区钟公庙街道保丰路633号
宁波,上海益丰大药房连锁有限公司宁波黄鹂新村店,上海益丰大药房连锁有限公司宁波黄鹂新村店
宁波,宁波市鄞州区德济大药房有限公司,宁波市鄞州区姜山镇振兴路212号(74M2)
宁波,宁波市鄞州瑞兴大药房中山东路店,鄞州区中山东路884号（1-15），884-1，886号（1-16）（1-17），888弄2号1幢（1-31）
宁波,宁波市鄞州景润大药房有限公司,宁波市鄞州区潘火街道北斗路1069号
宁波,宁波市鄞州馨仁医药有限公司石桥店,宁波市鄞州区万卷路238号
宁波,宁波市鄞州区奕代大药房有限公司,宁波市鄞州区建兴西路62号、66号（1-4）-1
宁波,宁波市鄞州至济大药房有限公司,宁波市鄞州区云龙镇石桥村388号
宁波,宁波市鄞州川蜀医药有限公司,宁波市鄞州区云龙镇甲村横马路51-52号
宁波,宁波市海曙全草大药房有限公司印象外滩分公司,宁波市鄞州区钟公庙街道堇山西路545号
宁波,浙江昆慧轩大药房有限公司宁波长丰店,宁波市鄞州区钟公庙街道金庭茗苑宁南北路322、324、326号
宁波,宁波彩虹大药房有限公司鄞州东裕连锁店,宁波市鄞州区贸城东路189号
宁波,宁波彩虹大药房有限公司曙光连锁店,鄞州区曙光路102号C幢（1-1）
宁波,宁波彩虹大药房有限公司鄞州云龙连锁店,宁波市鄞州区云龙镇云达路341、343号
宁波,老百姓大药房连锁（浙江）有限公司宁波五乡店,宁波市鄞州区五乡镇蟠龙路原五乡影剧院
宁波,宁波市鄞州如兴大药房有限公司,宁波市鄞州区邱隘青年路870号872号
宁波,宁波市鄞州东南工贸有限公司横溪中西药店,宁波市鄞州区横溪镇大街63号
宁波,宁波市四季康来医药有限公司鄞州东吴店,宁波市鄞州区东吴镇东吴中路229号
宁波,宁波市四季康来医药有限公司鄞州瞻兴店,宁波市鄞州区瞻岐镇南一村瞻虹路12-3号（50㎡）
宁波,宁波市鄞州仁甫大药房有限公司,浙江省宁波市鄞州区姜山镇虎啸漕村振兴路80号
宁波,宁波彩虹大药房有限公司鄞州东湖花园连锁店,宁波市鄞州区长寿南路158、160号
宁波,浙江友禾大药房有限公司中山东路店,宁波市鄞州区福明街道中山东路1078号（1-4）
宁波,宁波市鄞州大松医药有限公司,宁波市鄞州区瞻岐镇西城区
宁波,宁波市鄞州金诺药店,宁波市鄞州区五乡镇中洲路30、32号
宁波,宁波市鄞州德轩大药房有限公司,宁波市鄞州邱隘镇邱二村
宁波,宁波市鄞州夏日里大药房有限责任公司,宁波市鄞州区下应街道中海国际寒松路39、41号（74M²）
宁波,宁波市鄞州美汇通药房有限公司,宁波市鄞州区钟公庙街道长丰路34号（C8 D8）商铺
宁波,宁波市鄞州同健医药有限公司,宁波市鄞州区云龙镇前后陈村
宁波,宁波市鄞州好信慧仁大药房有限公司,宁波市鄞州区首南街道惠风西路590号
宁波,宁波市鄞州铭佳大药房,宁波市鄞州区邱隘镇芳草路32号
宁波,宁波市鄞州七叶一枝花健康药房有限公司,宁波市鄞州区潘火路733-735号
宁波,宁波彩虹大药房有限公司兰亭绿源连锁店,宁波市鄞州区沧海路802号（1-8）G-8
宁波,宁波彩虹大药房有限公司东海花园连锁店,宁波市鄞州区东柳街道桑田路271号（1-28）、273号（1-29）
宁波,宁波彩虹大药房有限公司鄞州爱民北路连锁店,宁波市鄞州区五乡镇爱民北路122号
宁波,宁波彩虹大药房有限公司锦绣东城连锁店,宁波市鄞州区海宁街261号006幢（1-15）
宁波,宁波彩虹大药房有限公司鄞州御锦花苑连锁店,宁波市鄞州区邱隘镇潘火路1248号一楼
宁波,宁波彩虹大药房有限公司九曲连锁店,宁波市鄞州区九曲二期65幢南侧商铺32号
宁波,宁波彩虹大药房有限公司鄞州金色珑庭连锁店,宁波市鄞州区中河街道嵩江东路131、133号
宁波,宁波彩虹大药房有限公司鄞州塘溪连锁店,宁波市鄞州区塘溪镇塘盛路32、34号
宁波,宁波彩虹大药房有限公司鄞州中翠家园连锁店,宁波市鄞州区中河街道前河北路211号
宁波,宁波彩虹大药房有限公司鄞州中海国际连锁店,宁波市鄞州区寒松路116、118号
宁波,宁波彩虹大药房有限公司中兴连锁店,宁波市鄞州区明楼街道中兴路249号（1-8）
宁波,宁波鄞州众源医药有限公司,宁波市鄞州区首南街道日丽东路高教园区学府苑教师公寓商业街北门104号
宁波,宁波市鄞州青蕾大药房有限公司,宁波市鄞州姜山镇东方新村1幢
宁波,宁波市鄞州区正本堂大药房有限公司,宁波市鄞州区钟公庙街道麟寓路375号
宁波,宁波市鄞州修聚堂大药房有限公司,浙江省宁波市鄞州区天达巷97号东边半间
宁波,宁波海王星辰健康药房有限公司钱湖店,宁波市鄞州区中河街道钱湖北路65号
宁波,宁波市正源大药房有限公司鄞州桑德兹连锁店,浙江省宁波市鄞州区贤良巷14号（1-5）、36号（1-4）(47㎡)
宁波,宁波市鄞州百禾春大药房李花桥分店,宁波市鄞州区首南街道萧皋西路260号
宁波,宁波市鄞州百禾春大药房荣安分店,宁波市潘火街道紫城路1203号
宁波,宁波市鄞州瑞兴大药房荣安琴湾店,宁波市鄞州区首南街道句章东路1224号
宁波,宁波市鄞州卡尼亚药房有限公司,宁波市鄞州区百宁街75号-5
宁波,宁波开心国寿堂医药有限公司潘火店,宁波市鄞州区邱隘镇潘火路1257号一楼
宁波,宁波开心国寿堂医药有限公司学府店,宁波市鄞州区钱湖南路672号115室
宁波,宁波市鄞州爱淇雨大药房有限公司,宁波市鄞州区潘火街道爱尚嘉园启明路548号
宁波,宁波市鄞州邻佳医药有限公司,宁波市鄞州区五乡镇五乡中路991.993.995号
宁波,宁波鄞州金当归药品有限公司,宁波市鄞州区华泰街38-1号（1-3）（2-7）
宁波,宁波四明大药房有限责任公司朝晖连锁店,宁波市鄞州区惊驾路240-2号
宁波,宁波市鄞州区济坤堂药房有限公司,宁波市鄞州区首南街道石路头村（馨悦家园）13幢102-1号
宁波,宁波海王星辰健康药房有限公司茂兴一店,宁波市鄞州区茂兴街3号（1-4）（1-6）
宁波,宁波市喜悦健康药房有限公司,宁波市鄞州区钟公庙街道宁南北路266号
宁波,宁波市鄞州尽源大药房有限公司,宁波市鄞州区首南街道都市工业园
宁波,宁波贤福堂大药房有限公司,宁波市鄞州区云龙镇云达路504号
宁波,宁波市鄞州良生大药房有限公司,宁波市鄞州区姜山镇胡家坟村
宁波,宁波市鄞州早早好药店海创店,宁波市鄞州区下应街道寒松路162号
宁波,宁波彩虹大药房有限公司鄞州陈婆渡连锁店,宁波市鄞州区首南街道中惠东路821号
宁波,宁波彩虹大药房有限公司福明家园连锁店,宁波市鄞州区民安路715弄21号（1-3）（2-3）
宁波,宁波彩虹大药房有限公司鄞州姜丽路连锁店,宁波市鄞州区姜山镇蔡郎桥姜丽路1814、1816、1818号
宁波,宁波彩虹大药房有限公司鄞州青年路连锁店,宁波市鄞州区邱隘镇邱隘南路39号
宁波,宁波彩虹大药房有限公司王隘连锁二店,宁波市鄞州区王隘路256号（1-7）
宁波,宁波市四季康来医药有限公司鄞州明东花苑店,宁波市鄞州区姜山镇明东花苑小区小庄路476号（A5、B5）
宁波,宁波市四季康来医药有限公司鄞州曙升店,宁波市鄞州区姜山镇曙升花苑小区博大路249、251、253、255号（A8、A9、A10、A11）
宁波,宁波彩虹大药房有限公司东吴连锁店,宁波市鄞州区东吴镇北村
宁波,宁波南塘药铺有限公司,宁波市鄞州区新天路419，421号（1-1-1）
宁波,浙江友禾大药房有限公司鄞州姜山店,宁波市鄞州区姜山镇人民中路91号
宁波,浙江友禾大药房有限公司太古城店,宁波市鄞州区百丈东路985号（1-9）
宁波,宁波铂虹医药有限公司,宁波市鄞州区首南街道九曲二期63幢南侧商铺06号
宁波,宁波市鄞州恒吉医药有限公司球山分公司,宁波市鄞州区咸祥镇球山村忻家45号
宁波,宁波市鄞州健通医药有限公司,宁波市鄞州区首南街道石路头村和悦家园6幢105号
宁波,宁波市鄞州康达医药零售有限公司白鹤店,宁波市鄞州区白鹤新村21幢（64-2）
宁波,宁波彩虹大药房有限公司彩北连锁店,宁波市鄞州区彩虹南路34号-38号（1-21）、38号（1-22）（1-23）
宁波,宁波海王星辰健康药房有限公司锦绣店,宁波市鄞州区东柳街道樟树街35号
宁波,宁波四明大药房有限责任公司兴宁路连锁店,宁波市鄞州区白鹤街道彩虹南路293号(1-1)(1-2)
宁波,宁波市鄞州兴旺医药零售有限公司安居药房,宁波市鄞州区桑田路406号
宁波,宁波四明大药房有限责任公司太古城连锁店,宁波市鄞州区福明路748、750号
宁波,宁波市鄞州兴旺医药零售有限公司东裕大药房,宁波市鄞州区贸城东路121-123号
宁波,宁波市鄞州康绿药品零售有限责任公司,宁波市鄞州区横溪镇人民北路15-17号
宁波,宁波市鄞州咸祥利民中西大药房,宁波市鄞州区咸祥镇西街
宁波,宁波市鄞州姜山中西大药房,宁波市鄞州区姜山镇人民中路255号
宁波,宁波市鄞州下应和顺大药房有限公司,宁波市鄞州区下应街道河东村
宁波,宁波彩虹大药房有限公司鄞州邱隘大卖场,鄞州区邱隘镇镇中路
宁波,宁波彩虹大药房有限公司鄞州五乡连锁店,鄞州区五乡镇中街（蟠龙村）
宁波,宁波健灵医药零售有限公司,宁波市鄞州区姜山镇农业经济大楼西
宁波,宁波海王星辰健康药房有限公司东吴店,鄞州区东吴中路278号
宁波,宁波市越丰堂药店（普通合伙）,宁波市鄞州区中兴路890-894号
宁波,宁波市四季康来医药有限公司塘盛店,宁波市鄞州区塘溪镇塘盛路187号
宁波,宁波海王星辰健康药房有限公司江南春晓店,宁波市鄞州区百丈东路1374、1376号
宁波,宁波海王星辰健康药房有限公司常青藤店,宁波市鄞州区明楼街道朝晖路410号
宁波,宁波彩虹大药房有限公司黄鹂连锁店,鄞州区兴宁路82号（1-5）（1-6）（1-8）（1-9）
宁波,宁波四明大药房有限责任公司宋诏桥连锁店,宁波市鄞州区钟公庙街道凤凰新村78幢52-2号
宁波,宁波市鄞州早早好药店,宁波市鄞州区前河北路139、141号
宁波,宁波市鄞州永泰大药房,鄞州区横溪镇人民北路60-66号
宁波,宁波市鄞州京言堂医药零售有限公司,宁波市鄞州区下应街道启明南路22号
宁波,宁波市鄞州区横溪葆和堂药店,宁波市鄞州区横溪镇人民路69号
宁波,宁波彩虹大药房有限公司鄞州长丰连锁店,鄞州区钟公庙街道长丰菜场路78号
宁波,宁波彩虹大药房有限公司鄞州姜山连锁二店,鄞州区姜山镇顺明路1310、1312号
宁波,宁波海王星辰健康药房有限公司甲村店,宁波市鄞州区云龙镇甲村村菜市场对面北边1-3间
宁波,宁波彩虹大药房有限公司太古城连锁店,鄞州区百丈东路936号-楼A区
宁波,宁波市鄞州咸祥医药零售有限公司,宁波市鄞州区咸祥镇中路98号
宁波,宁波市鄞州宋诏桥中西大药房,宁波市鄞州区永达路12-16号
宁波,宁波市鄞州新四明山大药房有限公司,宁波市鄞州区邱隘镇青年路（原36号）214号－218号
宁波,宁波海王星辰健康药房有限公司舟孟店,宁波市鄞州区百丈街道舟孟南路20号，20-1号
宁波,宁波市鄞州百益堂大药房有限公司,宁波市鄞州区下应街道东兴社区镇东路90-91号
宁波,宁波四明大药房有限责任公司姜山环镇连锁店,宁波市鄞州区姜山镇环镇北路5号
宁波,宁波彩虹大药房有限公司兴宁连锁店,鄞州区白鹤新村144号
宁波,宁波彩虹大药房有限公司鄞州东莺连锁店,鄞州区东莺新村1幢1015、1016号
宁波,宁波海王星辰健康药房有限公司波波城店,宁波市鄞州区曙光北路1721、1723号
宁波,宁波市鄞州潘火同心大药房有限公司,宁波市鄞州区潘火街道宁横路1158弄1146号
宁波,宁波海王星辰健康药房有限公司明楼店,宁波市鄞州区明楼街道徐戎路196号
宁波,宁波海王星辰健康药房有限公司新都美地店,宁波市鄞州区钟公庙街道后庙路42号
宁波,老百姓大药房连锁（浙江）有限公司宁波中山东路店,宁波市鄞州区东胜街道中山东路605-607号
宁波,宁波市鄞州谷雨堂大药房,宁波市鄞州区云龙镇云达路287号
宁波,宁波海王星辰健康药房有限公司东湖花园店,宁波市鄞州区长寿南路132-134号
宁波,东阳市老百姓药品零售有限公司鄞州分公司,宁波市鄞州区姜山镇明山路115号
宁波,宁波会好康药房有限公司,宁波市鄞州区曙光路102号A幢（1-2）-（1-10）
宁波,宁波市鄞州顺康大药房,宁波市鄞州区首南街道句章东路990、992号
宁波,宁波市鄞州瞻岐怡民中西药店,宁波市鄞州区瞻岐南一村
宁波,宁波彩虹大药房有限公司鄞州姜山连锁店,鄞州区姜山镇人民南路2-5、2-6号
宁波,宁波市鄞州邱隘中西大药房,宁波市鄞州区邱隘镇镇中路136-138号
宁波,宁波彩虹大药房有限公司鄞州云龙连锁三店,浙江省宁波市鄞州区云龙镇荻江村
宁波,宁波鄞州书香景苑健康药房,宁波市鄞州区民安路1366号
宁波,宁波市正源大药房有限公司朝晖店,宁波市鄞州区朝晖路232、234号
宁波,宁波四明大药房有限责任公司华严三江连锁店,宁波市鄞州区镇安街58号
宁波,宁波四明大药房有限责任公司中山东路连锁店,宁波市鄞州区中山东路371-2号<1-15>
宁波,宁波市鄞州徐王州大药房有限公司,浙江省宁波市鄞州区园丁街141，143号
宁波,宁波彩虹大药房有限公司桑田路连锁店,鄞州区桑田路362号（1-8）、364号（1-9）
宁波,宁波彩虹大药房有限公司鄞州邱隘镇中连锁店,鄞州区邱隘镇镇中路70号-1、2
宁波,宁波市鄞州康宜美大药房,宁波市鄞州区中河街道堇山路393、395、397号
宁波,宁波市鄞州云龙万顺堂大药房,宁波市鄞州区云龙镇甲村村(横马路66号)
宁波,宁波市鄞州一源药房（普通合伙）,宁波市鄞州区嵩江东路284、286号
宁波,宁波市四季康来医药有限公司鄞州邱隘店,宁波市鄞州区青年路202、204、206号
宁波,宁波市鄞州家家乐药房,宁波市鄞州区潘火街道百丈东路1370-1372号
宁波,宁波市鄞州家家乐药房东吴分店,宁波市鄞州区东吴镇北村村新街109号
宁波,宁波市鄞州益寿药品零售有限公司,宁波市鄞州区沧海路623号
宁波,宁波彩虹大药房有限公司海宁街连锁店,宁波市鄞州区海宁街167号1-9
宁波,慈溪百姓药品有限公司鄞州五乡店,宁波市鄞州区五乡镇西街70号
宁波,宁波彩虹大药房有限公司鄞州飞虹连锁店,鄞州区中河街道飞虹新村市场大棚(44-45幢A13-A15号)
宁波,宁波海王星辰健康药房有限公司民安一店,宁波市鄞州区明楼街道朝晖路296号（1-1）（1-3）
宁波,宁波海王星辰健康药房有限公司鄞州金桥水岸店,宁波市鄞州区长寿东路778、780号
宁波,宁波市鄞州五乡会好康药房有限公司,宁波市鄞州区五乡镇汇纤村李都锦苑5幢106、107、108、109号
宁波,宁波市鄞州悠乐药房,宁波市鄞州区潘火街道永达路1567号
宁波,宁波市鄞州海兴药房,宁波市鄞州区民安路545号<1-69>、547号<1-68>
宁波,宁波海王星辰健康药房有限公司彩虹南路店,宁波市鄞州区白鹤街道彩虹南路337号（90㎡）
宁波,宁波市四季康来医药有限公司鄞州姜山店,宁波市鄞州区姜山镇人民中路1号
宁波,宁波彩虹大药房有限公司鄞州南裕连锁店,鄞州区首南街道学士路1041号、1043号、1045号
宁波,宁波鄞州陆嘉大药房,浙江省宁波市鄞州区福明街道曙光北路2061号〈1-3〉G-1、2063号〈1-4〉
宁波,宁波海王星辰健康药房有限公司东裕二店,宁波市鄞州区中河街道贸城东路245-13号
宁波,宁波海王星辰健康药房有限公司荣合公馆店,浙江省宁波市鄞州区甬港北路58号1—12，2—12
宁波,宁波市鄞州兴旺医药零售有限公司,浙江省宁波市鄞州区紫鹃小区136号6幢<1-8>
宁波,宁波市鄞州永泰大药房联心分店,宁波市鄞州区中河街道堇山中路202-204号
宁波,宁波彩虹大药房有限公司鄞州东湖花园连锁二店,宁波市鄞州区中河街道潘一村
宁波,宁波市鄞州五乡会好康药房有限公司第一分公司,宁波市鄞州区中河街道宋诏桥甬兴新村31幢106、107室
宁波,宁波市鄞州宜众大药房,宁波市鄞州区首南街道钱湖南路666弄98号
宁波,宁波四明大药房有限责任公司联中连锁店,宁波市鄞州区中河街道贸城中路650号
宁波,宁波市鄞州瑞兴大药房,浙江省宁波市鄞州区下应街道泗港小区金达路160号-162号
宁波,宁波彩虹大药房有限公司徐戎锁店,鄞州区徐戎路296号（1-2）、298号（1-1）
宁波,宁波市鄞州家家乐药房幸福苑分店,宁波市鄞州区樟树街32-46号（1-3）（1-4）
宁波,宁波市鄞州瑞兴大药房陈婆渡分店,浙江省宁波市鄞州区首南街道天童南路1544号0916幢S9(1层）
宁波,宁波市鄞州塘溪芝林药店,宁波市鄞州区塘溪镇东山村太平桥
宁波,宁波四明大药房有限责任公司王隘连锁店,宁波市鄞州区甬港北路40号049幢（1-1)(2-1）、42号046幢（1-10）（2-9）
宁波,宁波彩虹大药房有限公司鄞州金色水岸连锁店,宁波市鄞州区百梁南路7号-1
宁波,宁波爱倍生大药房有限公司,宁波市鄞州区百丈东路92-1号
宁波,宁波英特怡年药房有限公司,宁波市鄞州区兴宁路临55-2、55-3号
宁波,宁波市鄞州东吴同皓大药房有限公司,宁波市鄞州区东吴镇新街50号(综治大楼旁)
宁波,宁波市鄞州瑞清大药房,宁波市鄞州区下应街道世纪花园永达路1555号
宁波,宁波四明大药房有限责任公司东裕连锁店,宁波市鄞州区贸城路与宁横路交叉口
宁波,宁波市鄞州康达医药零售有限公司,宁波市鄞州区姜山镇蔡郎桥姜丽路15号、17号
宁波,宁波市鄞州古香大药房有限公司,宁波市鄞州区塘溪镇华山村大桥
宁波,宁波市鄞州大家好药房,宁波市鄞州区钟公庙街道贸城西路157号
宁波,宁波海王星辰健康药房有限公司中萃店,宁波市鄞州区钟公庙街道前河北路195-197号
宁波,宁波市鄞州百禾春大药房,宁波市鄞州区瞻岐镇合一村江南小区120号
宁波,宁波市四季康来医药有限公司鄞州正始店,宁波市鄞州区横溪镇人民路口
宁波,宁波市鄞州琦健药店（普通合伙）,宁波市鄞州区横溪镇宁横南路2091号
宁波,慈溪百姓药品有限公司鄞州甲旺店,宁波市鄞州区下应街道诚信路1208号
宁波,宁波市康佰家宏顺大药房有限公司,宁波市鄞州区下应街道镇东路商业用房2号楼20-21号
宁波,宁波市四季康来医药有限公司邱隘青年店,宁波市鄞州区青年路
宁波,宁波甬药医药有限公司徐东埭老百姓大药房,浙江省宁波市鄞州区云龙镇徐东埭村
宁波,宁波彩虹大药房有限公司鄞州下应连锁二店,浙江省宁波市鄞州区潘火街道东南社区泗港小区下应北路115弄9、11号
宁波,宁波彩虹大药房有限公司幸福苑连锁店,宁波市鄞州区樟树街111-121号（单号）（1-4）
宁波,浙江友禾大药房有限公司第二十九分店,鄞州区北明程路482、484号029幢（1-6）
宁波,宁波市鄞州潘火城市之星健康药房,宁波市鄞州潘火街道东南社区金达路154号
宁波,老百姓大药房连锁（浙江）有限公司宁波兴宁路店,宁波市鄞州区兴宁路80号（1-3）（1-4）
宁波,宁波市鄞州海兴药房常青藤店,宁波市鄞州区中兴路92号、94号<1-5><1-6>
宁波,宁波彩虹大药房有限公司鄞州贸城东路连锁店,浙江省宁波市鄞州区中河街道贸城东路675号
宁波,老百姓大药房连锁（浙江）有限公司宁波王隘路店,宁波市鄞州区王隘路75号（1-1）
宁波,宁波彩虹大药房有限公司鄞州蟠龙连锁店,鄞州区五乡镇菜场路63、65号
宁波,宁波彩虹大药房有限公司惊驾路连锁店,鄞州区明楼街道惊驾路128-2号（1-11）G-2，128-3号
宁波,慈溪百姓药品有限公司鄞州姜山店,宁波市鄞州区姜山镇华山路97号
宁波,宁波市鄞州百杆秤健康大药房,宁波市鄞州下应街道东兴社区66-67号
宁波,宁波市鄞州本草纲目医药有限公司,宁波市鄞州区邱隘镇回龙村
宁波,宁波市鄞州潘火同心大药房有限公司泗港分公司,宁波市鄞州区潘火街道下应北路25/27号
宁波,宁波甬药江南大药房有限公司鄞州东吴连锁店,宁波市鄞州区东吴镇东吴中路588、590、592号
宁波,宁波彩虹大药房有限公司鄞州永达连锁店,鄞州区中河街道建兴路78、80、82号商场一楼
宁波,宁波彩虹大药房有限公司张斌桥连锁店,鄞州区中山东路593号
宁波,宁波海王星辰健康药房有限公司鄞州邱隘镇中店,宁波市鄞州区邱隘镇镇中路112号，114号，116号
宁波,宁波海王星辰健康药房有限公司新天地店,宁波市鄞州区明楼街道沧海路793、797号
宁波,宁波海王星辰健康药房有限公司彩虹店,宁波市鄞州区（钟公庙）彩虹新村杨家路130-132号
宁波,宁波海王星辰健康药房有限公司东部新城银泰店,鄞州区东部新城邱隘镇德厚街215号、中山东路2338弄49号
宁波,慈溪百姓药品有限公司鄞州宁南店,宁波市鄞州区钟公庙街道长丰村
宁波,慈溪百姓药品有限公司鄞州钟公庙店,宁波市鄞州区钟公庙街道菜场附属房A楼72#南起第一间
宁波,宁波市城市之星健康药房有限公司,宁波市鄞州区贸城东路639-1号
宁波,宁波市甬城会好康药房有限公司,宁波市鄞州区贸城中路588号
宁波,宁波市鄞州家家乐药房小花园店,宁波市鄞州区下应街道小花园村沧海路（宁波东海智力玩具厂）
宁波,宁波市四季康来医药有限公司鄞州宁康店,鄞州区咸祥镇咸兴路86号
宁波,宁波市鄞州恒吉医药有限公司,宁波市鄞州区云龙镇启发商业广场1046-1047号
宁波,宁波市鄞州馨仁医药有限公司,宁波市鄞州区石桥村293-1
宁波,宁波惠宁大药房有限公司,宁波市鄞州区彩虹南路276号
宁波,宁波市鄞州容和大药房,宁波市鄞州区中河街道凤凰新村80帽兴宋路13-15号
宁波,宁波鄞州普乐康美医药有限公司,宁波市鄞州曙光北路1649、1651号
宁波,宁波市鄞州昆慧轩大药房,宁波市鄞州区钟公庙街道贸城西路85、87号
宁波,宁海佰药之家大药房鄞州咸祥分店,宁波市鄞州区咸祥镇咸三村
宁波,宁波彩虹大药房有限公司鄞州句章东路连锁店,宁波市鄞州区首南街道句章东路945号
宁波,老百姓大药房连锁（浙江）有限公司宁波甬港南路店,宁波市鄞州区百丈南路6号
宁波,宁波市四季康来医药有限公司鄞州田郑店,宁波市鄞州区邱隘镇北斗东路407号
宁波,宁波四明大药房有限责任公司新勤连锁店,宁波市鄞州区徐戎路294号
宁波,宁波鄞州兆康大药房,浙江省宁波市鄞州区福明街道中兴北路77号3号楼-3-4
宁波,宁波海王星辰健康药房有限公司锦苑二店,宁波市鄞州区东柳街道中兴路251号、253号
宁波,宁波海王星辰健康药房有限公司东城水岸店,宁波市鄞州区春园路450-452号
宁波,宁波市鄞州明上大药房,宁波市鄞州区横溪镇环镇东路88、88-1号
宁波,宁波市鄞州姜山慧仁大药房,宁波市鄞州区姜山镇东林寺村
宁波,宁波市鄞州姜山厚朴大药房有限公司,宁波市鄞州区姜山镇天童南路3576号
宁波,宁波市鄞州源尚堂大药房有限公司,宁波市鄞州区潘火街道东南社区下应北路115弄37-39号
宁波,宁波市鄞州同锦堂医药零售有限公司,宁波市鄞州区邱隘镇北斗路443、445号
宁波,宁波彩虹大药房有限公司惠风连锁店,宁波市鄞州区惠风西路455号
宁波,宁波市鄞州京甬医药零售有限公司,宁波市鄞州区首南街道泰康中路223号
宁波,宁波市鄞州国英堂大药房有限公司,宁波市鄞州区五乡镇宝幢市场B区8-9号
宁波,宁波市鄞州寅午堂大药房,宁波市鄞州区五乡镇天童庄材
宁波,宁波高新区万兴健康大药房有限公司鄞州五乡分店,宁波市鄞州区五乡西路667号
宁波,宁波海王星辰健康药房有限公司下应店,宁波市鄞州区下应街道新江厦超市商铺
宁波,宁波市鄞州云龙康春药店,宁波市鄞州区云龙镇甲村横马路59-60号
宁波,宁波市鄞州仁康大药房,宁波市鄞州区瞻岐镇合一村合心小区05、06号
宁波,宁波市鄞州天然草大药房,宁波市鄞州区瞻岐镇合一村迎宾小区113号
宁波,宁波市鄞州宜众大药房泰寓店,宁波市鄞州区中河街道泰寓路21-23号
宁波,宁波市鄞州多财一源药房,宁波市鄞州区中河街道天静巷159号-4
宁波,浙江昆慧轩大药房有限公司,宁波市鄞州区钟公庙街道堇山西路18号
宁波,老百姓大药房连锁（浙江）有限公司宁波百丈东路店,宁波市鄞州区百丈东路69号（1-8）
宁波,宁波市鄞州百年开心大药房春园店,浙江省宁波市鄞州区中河街道春园路478/480号
宁波,宁波市鄞州越东万兴健康大药房有限公司,宁波市鄞州区潘火街道启明路818号24幢1-11A
宁波,宁波市鄞州康寿药店,宁波市鄞州区民安东路1319号
宁波,宁波市鄞州天兴药品零售有限公司,宁波市鄞州区东胜街道宁徐路37号
宁波,宁波市四季康来医药有限公司鄞州潘火店,宁波市鄞州区潘火街道潘火路584、586号
宁波,宁波市四季康来医药有限公司鄞州五乡店,宁波市鄞州区五乡镇蟠龙村中街
宁波,宁波市四季康来医药有限公司鄞州太平桥店,宁波市鄞州区塘溪镇上城村太平桥
宁波,宁波市鄞州德民药房,浙江省宁波市鄞州区云龙镇嘉苑路2号
宁波,宁波市鄞州慧益中西大药房有限公司,宁波市鄞州区姜山镇唐家汇小区1幢108室
宁波,宁波市鄞州桂仁堂大药房,宁波市鄞州区首南街道鲍家耷社区二期北大门西侧S104号
宁波,宁波市鄞州佳宏大药房有限公司,宁波市鄞州区云龙镇云姚路18号
宁波,宁波市鄞州姜山大同药房,宁波市鄞州区姜山镇顾家村
宁波,宁波市鄞州姜山慧仁大药房长丰分店,宁波市鄞州区钟公庙街道金家一路42号
宁波,宁波市鄞州城市之星天康药店,宁波市鄞州区五乡镇东街
宁波,宁波市鄞州普济堂医药零售有限公司,宁波市鄞州区邱隘镇青年路281、283号
宁波,宁波市鄞州普济堂医药零售有限公司邱隘分公司,宁波市鄞州区邱隘镇青年路813、815号
宁波,宁波市鄞州邱隘四季星辰大药房,宁波市鄞州区邱隘镇盛莫路195号197号
宁波,宁波高新区万兴健康大药房有限公司鄞州分店,宁波市鄞州区五乡镇永乐村宝幢市场1、2号
宁波,宁波市鄞州喜来乐大药房,宁波市鄞州区五乡镇五乡市场经营房D区2号
宁波,宁波市鄞州一源药房（普通合伙）东湖店,浙江省宁波市鄞州区嵩江东路692号-4
宁波,宁波市鄞州宜众大药房南裕分店,宁波市鄞州区首南街道学士路1032号
宁波,宁波彩虹大药房有限公司鄞州云龙连锁二店,宁波市鄞州区云龙镇启发商业广场1054、1055号
宁波,宁波彩虹大药房有限公司鄞州青年路连锁二店,宁波市鄞州区邱隘镇青年路509号
宁波,宁波甬药江南大药房有限公司鄞州咸祥连锁店,宁波市鄞州区咸祥镇咸三村菜场南路42号
宁波,宁波市鄞州姜山百年开心大药房,宁波市姜山镇人民路32、34号
宁波,宁波市鄞州美佳大药房,宁波市鄞州区中和街道四明中路544-546号
宁波,宁波市鄞州百年开心大药房,鄞州区百丈东路1130号（1-12）（1-13）（1-14）
